--
-- PostgreSQL database dump
--

-- Dumped from database version 16.0
-- Dumped by pg_dump version 16.0

-- Started on 2023-12-13 09:44:14

SET statement_timeout = 0;
SET lock_timeout = 0;
SET idle_in_transaction_session_timeout = 0;
SET client_encoding = 'UTF8';
SET standard_conforming_strings = on;
SELECT pg_catalog.set_config('search_path', '', false);
SET check_function_bodies = false;
SET xmloption = content;
SET client_min_messages = warning;
SET row_security = off;

SET default_tablespace = '';

SET default_table_access_method = heap;

--
-- TOC entry 217 (class 1259 OID 17056)
-- Name: confirm; Type: TABLE; Schema: public; Owner: postgres
--

CREATE TABLE public.confirm (
    userid character varying(5),
    hotspotid character varying(9),
    confirmtime timestamp without time zone
);


ALTER TABLE public.confirm OWNER TO postgres;

--
-- TOC entry 216 (class 1259 OID 17053)
-- Name: hotspot; Type: TABLE; Schema: public; Owner: postgres
--

CREATE TABLE public.hotspot (
    hotspotid character varying(9),
    userid character varying(5),
    critical character(1),
    "timestamp" timestamp without time zone,
    nearest_time timestamp without time zone,
    locationx double precision,
    locationy double precision,
    roadid integer,
    roaddirection character(1),
    nearestmileageid_k integer,
    nearestmileageid_m integer,
    confirmcount integer
);


ALTER TABLE public.hotspot OWNER TO postgres;

--
-- TOC entry 218 (class 1259 OID 17059)
-- Name: query; Type: TABLE; Schema: public; Owner: postgres
--

CREATE TABLE public.query (
    userid character varying(5),
    queryexecutetime timestamp without time zone,
    querystarttime timestamp without time zone,
    queryendtime timestamp without time zone
);


ALTER TABLE public.query OWNER TO postgres;

--
-- TOC entry 215 (class 1259 OID 17050)
-- Name: users; Type: TABLE; Schema: public; Owner: postgres
--

CREATE TABLE public.users (
    userid character varying(5),
    username character varying(15),
    userpassword character varying(10),
    usertype character(1),
    status character(6)
);


ALTER TABLE public.users OWNER TO postgres;

--
-- TOC entry 4844 (class 0 OID 17056)
-- Dependencies: 217
-- Data for Name: confirm; Type: TABLE DATA; Schema: public; Owner: postgres
--

COPY public.confirm (userid, hotspotid, confirmtime) FROM stdin;
U0022	HS_000001	2023-09-01 03:57:47
U0248	HS_000001	2023-09-01 04:32:25
U0090	HS_000002	2023-09-01 07:47:59
U0169	HS_000002	2023-09-01 09:11:30
U0298	HS_000003	2023-09-01 09:14:21
U0080	HS_000003	2023-09-01 09:54:56
U0292	HS_000004	2023-09-01 10:23:58
U0151	HS_000004	2023-09-01 10:52:29
U0177	HS_000002	2023-09-01 11:08:06
U0036	HS_000004	2023-09-01 11:10:54
U0068	HS_000004	2023-09-01 11:26:10
U0154	HS_000003	2023-09-01 11:31:15
U0209	HS_000005	2023-09-01 11:59:12
U0134	HS_000005	2023-09-01 12:00:53
U0297	HS_000004	2023-09-01 12:39:13
U0276	HS_000004	2023-09-01 12:48:00
U0163	HS_000005	2023-09-01 12:59:42
U0242	HS_000004	2023-09-01 13:15:23
U0174	HS_000003	2023-09-01 13:15:56
U0259	HS_000004	2023-09-01 13:50:37
U0043	HS_000007	2023-09-01 14:57:10
U0132	HS_000008	2023-09-01 15:42:54
U0048	HS_000005	2023-09-01 15:43:26
U0212	HS_000007	2023-09-01 16:09:37
U0113	HS_000008	2023-09-01 16:18:55
U0271	HS_000005	2023-09-01 16:43:40
U0142	HS_000006	2023-09-01 16:49:33
U0060	HS_000007	2023-09-01 17:21:30
U0142	HS_000009	2023-09-01 18:17:27
U0247	HS_000009	2023-09-01 18:27:26
U0087	HS_000007	2023-09-01 18:31:13
U0230	HS_000008	2023-09-01 18:32:32
U0257	HS_000007	2023-09-01 18:57:25
U0139	HS_000010	2023-09-01 18:57:48
U0263	HS_000010	2023-09-01 19:06:30
U0160	HS_000009	2023-09-01 19:17:58
U0125	HS_000009	2023-09-01 19:25:09
U0022	HS_000011	2023-09-01 20:35:43
U0130	HS_000009	2023-09-01 20:44:56
U0259	HS_000010	2023-09-01 20:48:09
U0248	HS_000015	2023-09-02 00:03:08
U0198	HS_000015	2023-09-02 00:04:04
U0208	HS_000011	2023-09-02 00:13:05
U0139	HS_000015	2023-09-02 00:34:31
U0053	HS_000012	2023-09-02 01:22:29
U0054	HS_000011	2023-09-02 01:31:21
U0015	HS_000014	2023-09-02 01:34:36
U0072	HS_000012	2023-09-02 01:41:37
U0051	HS_000012	2023-09-02 01:49:44
U0041	HS_000013	2023-09-02 01:59:33
U0098	HS_000012	2023-09-02 02:06:28
U0295	HS_000013	2023-09-02 02:14:45
U0275	HS_000013	2023-09-02 02:20:02
U0071	HS_000013	2023-09-02 02:21:55
U0221	HS_000015	2023-09-02 02:32:57
U0136	HS_000013	2023-09-02 02:41:09
U0120	HS_000017	2023-09-02 03:09:35
U0151	HS_000015	2023-09-02 03:12:36
U0261	HS_000017	2023-09-02 03:28:36
U0191	HS_000015	2023-09-02 03:31:42
U0188	HS_000018	2023-09-02 03:49:36
U0136	HS_000015	2023-09-02 04:19:22
U0153	HS_000017	2023-09-02 05:12:29
U0262	HS_000016	2023-09-02 06:27:09
U0029	HS_000018	2023-09-02 06:53:57
U0172	HS_000017	2023-09-02 07:08:15
U0083	HS_000016	2023-09-02 07:35:03
U0237	HS_000016	2023-09-02 07:38:32
U0102	HS_000020	2023-09-02 07:54:00
U0261	HS_000019	2023-09-02 08:05:58
U0080	HS_000020	2023-09-02 08:21:20
U0210	HS_000019	2023-09-02 09:27:29
U0238	HS_000020	2023-09-02 09:36:15
U0050	HS_000019	2023-09-02 09:51:12
U0048	HS_000020	2023-09-02 10:59:11
U0190	HS_000022	2023-09-02 12:20:24
U0055	HS_000023	2023-09-02 12:44:47
U0127	HS_000020	2023-09-02 12:51:09
U0233	HS_000021	2023-09-02 13:44:26
U0035	HS_000022	2023-09-02 14:12:30
U0083	HS_000021	2023-09-02 14:12:52
U0038	HS_000022	2023-09-02 14:27:49
U0006	HS_000022	2023-09-02 16:00:22
U0168	HS_000023	2023-09-02 16:25:42
U0099	HS_000024	2023-09-02 16:26:32
U0056	HS_000023	2023-09-02 17:20:50
U0272	HS_000024	2023-09-02 18:47:58
U0133	HS_000028	2023-09-02 19:19:32
U0298	HS_000027	2023-09-02 19:59:27
U0194	HS_000024	2023-09-02 20:10:16
U0222	HS_000028	2023-09-02 20:15:51
U0280	HS_000024	2023-09-02 20:22:24
U0105	HS_000024	2023-09-02 20:59:15
U0020	HS_000028	2023-09-02 22:06:53
U0099	HS_000029	2023-09-02 22:13:41
U0067	HS_000025	2023-09-02 22:21:36
U0241	HS_000025	2023-09-02 22:32:54
U0219	HS_000025	2023-09-02 22:48:20
U0165	HS_000030	2023-09-02 23:03:30
U0120	HS_000026	2023-09-02 23:18:31
U0076	HS_000027	2023-09-02 23:41:55
U0241	HS_000029	2023-09-02 23:51:44
U0283	HS_000028	2023-09-03 00:22:37
U0178	HS_000029	2023-09-03 01:21:05
U0190	HS_000032	2023-09-03 07:06:51
U0283	HS_000032	2023-09-03 07:42:59
U0031	HS_000031	2023-09-03 08:11:06
U0268	HS_000032	2023-09-03 08:41:52
U0007	HS_000031	2023-09-03 08:48:36
U0010	HS_000031	2023-09-03 09:07:04
U0157	HS_000032	2023-09-03 09:08:32
U0268	HS_000033	2023-09-03 09:36:48
U0292	HS_000034	2023-09-03 09:50:23
U0013	HS_000032	2023-09-03 10:07:05
U0017	HS_000036	2023-09-03 10:25:49
U0020	HS_000037	2023-09-03 11:40:03
U0193	HS_000033	2023-09-03 12:02:44
U0184	HS_000035	2023-09-03 12:13:55
U0137	HS_000041	2023-09-03 13:48:03
U0127	HS_000041	2023-09-03 13:54:08
U0170	HS_000034	2023-09-03 14:14:54
U0169	HS_000041	2023-09-03 14:19:30
U0237	HS_000035	2023-09-03 14:45:39
U0124	HS_000034	2023-09-03 14:48:50
U0064	HS_000040	2023-09-03 14:54:23
U0271	HS_000037	2023-09-03 14:57:09
U0256	HS_000038	2023-09-03 15:17:49
U0176	HS_000041	2023-09-03 15:24:35
U0284	HS_000039	2023-09-03 15:24:42
U0079	HS_000038	2023-09-03 15:42:38
U0114	HS_000038	2023-09-03 15:52:44
U0248	HS_000039	2023-09-03 15:53:34
U0180	HS_000043	2023-09-03 15:54:56
U0038	HS_000040	2023-09-03 16:07:08
U0027	HS_000039	2023-09-03 16:11:20
U0077	HS_000042	2023-09-03 16:13:31
U0006	HS_000037	2023-09-03 16:25:13
U0126	HS_000038	2023-09-03 16:29:30
U0086	HS_000042	2023-09-03 16:31:12
U0268	HS_000039	2023-09-03 16:52:44
U0167	HS_000040	2023-09-03 16:59:58
U0054	HS_000041	2023-09-03 17:35:41
U0233	HS_000043	2023-09-03 17:37:05
U0108	HS_000043	2023-09-03 17:50:10
U0152	HS_000039	2023-09-03 17:55:49
U0225	HS_000041	2023-09-03 18:14:08
U0007	HS_000042	2023-09-03 19:04:07
U0283	HS_000045	2023-09-04 00:07:12
U0108	HS_000044	2023-09-04 00:56:42
U0251	HS_000046	2023-09-04 01:27:11
U0048	HS_000045	2023-09-04 02:00:10
U0081	HS_000046	2023-09-04 02:31:29
U0010	HS_000046	2023-09-04 02:38:37
U0248	HS_000045	2023-09-04 03:38:06
U0014	HS_000048	2023-09-04 03:46:25
U0253	HS_000044	2023-09-04 03:55:24
U0161	HS_000048	2023-09-04 04:18:34
U0227	HS_000046	2023-09-04 04:26:48
U0038	HS_000044	2023-09-04 04:29:49
U0115	HS_000050	2023-09-04 05:29:11
U0065	HS_000047	2023-09-04 06:10:36
U0046	HS_000050	2023-09-04 06:50:15
U0284	HS_000048	2023-09-04 07:31:57
U0181	HS_000050	2023-09-04 07:33:55
U0029	HS_000048	2023-09-04 07:34:19
U0175	HS_000049	2023-09-04 07:59:30
U0026	HS_000050	2023-09-04 08:09:17
U0214	HS_000050	2023-09-04 08:47:19
U0181	HS_000051	2023-09-04 08:47:31
U0236	HS_000049	2023-09-04 09:59:32
U0207	HS_000051	2023-09-04 10:38:55
U0154	HS_000053	2023-09-04 10:59:59
U0262	HS_000053	2023-09-04 11:37:41
U0006	HS_000051	2023-09-04 11:59:17
U0055	HS_000052	2023-09-04 12:02:05
U0269	HS_000051	2023-09-04 12:26:12
U0181	HS_000054	2023-09-04 12:27:37
U0147	HS_000053	2023-09-04 13:34:44
U0157	HS_000055	2023-09-04 13:49:58
U0101	HS_000054	2023-09-04 13:57:12
U0036	HS_000056	2023-09-04 15:05:47
U0217	HS_000055	2023-09-04 15:30:13
U0084	HS_000055	2023-09-04 15:34:46
U0233	HS_000056	2023-09-04 16:55:30
U0140	HS_000054	2023-09-04 16:57:07
U0203	HS_000054	2023-09-04 17:07:35
U0212	HS_000057	2023-09-04 18:45:02
U0051	HS_000056	2023-09-04 19:35:46
U0276	HS_000056	2023-09-04 19:46:11
U0037	HS_000056	2023-09-04 20:04:42
U0226	HS_000056	2023-09-04 20:59:19
U0007	HS_000058	2023-09-04 22:26:41
U0144	HS_000058	2023-09-04 22:50:32
U0052	HS_000058	2023-09-04 22:58:34
U0083	HS_000058	2023-09-04 23:36:21
U0161	HS_000058	2023-09-05 00:36:34
U0106	HS_000058	2023-09-05 00:51:26
U0143	HS_000059	2023-09-05 01:19:52
U0260	HS_000059	2023-09-05 01:37:23
U0238	HS_000059	2023-09-05 01:57:40
U0299	HS_000059	2023-09-05 02:19:49
U0222	HS_000059	2023-09-05 03:39:53
U0156	HS_000060	2023-09-05 03:41:08
U0299	HS_000060	2023-09-05 03:52:44
U0261	HS_000060	2023-09-05 04:27:27
U0230	HS_000062	2023-09-05 05:20:34
U0186	HS_000063	2023-09-05 06:00:53
U0066	HS_000062	2023-09-05 06:37:05
U0189	HS_000060	2023-09-05 06:37:54
U0275	HS_000062	2023-09-05 07:13:53
U0182	HS_000060	2023-09-05 07:17:05
U0065	HS_000060	2023-09-05 07:18:59
U0253	HS_000063	2023-09-05 07:23:43
U0187	HS_000062	2023-09-05 07:49:12
U0131	HS_000063	2023-09-05 08:17:45
U0083	HS_000064	2023-09-05 08:18:17
U0168	HS_000061	2023-09-05 08:47:29
U0262	HS_000066	2023-09-05 10:28:41
U0185	HS_000064	2023-09-05 10:41:10
U0227	HS_000065	2023-09-05 10:57:26
U0011	HS_000063	2023-09-05 11:06:58
U0129	HS_000063	2023-09-05 11:23:32
U0080	HS_000067	2023-09-05 12:20:07
U0067	HS_000065	2023-09-05 12:30:12
U0061	HS_000068	2023-09-05 12:45:41
U0060	HS_000064	2023-09-05 12:56:32
U0024	HS_000065	2023-09-05 13:08:38
U0197	HS_000065	2023-09-05 13:16:00
U0251	HS_000068	2023-09-05 13:16:08
U0087	HS_000068	2023-09-05 14:19:03
U0072	HS_000069	2023-09-05 14:34:18
U0222	HS_000069	2023-09-05 14:39:41
U0154	HS_000069	2023-09-05 14:54:10
U0162	HS_000067	2023-09-05 15:02:33
U0296	HS_000067	2023-09-05 15:18:39
U0253	HS_000066	2023-09-05 15:45:59
U0156	HS_000069	2023-09-05 16:42:56
U0103	HS_000069	2023-09-05 17:19:26
U0137	HS_000067	2023-09-05 17:24:13
U0063	HS_000068	2023-09-05 18:03:26
U0030	HS_000068	2023-09-05 18:21:44
U0243	HS_000070	2023-09-05 18:23:39
U0091	HS_000070	2023-09-05 20:45:52
U0087	HS_000071	2023-09-05 21:23:14
U0022	HS_000071	2023-09-05 22:22:07
U0141	HS_000071	2023-09-05 22:34:11
U0065	HS_000072	2023-09-05 23:27:21
U0223	HS_000070	2023-09-05 23:28:28
U0270	HS_000070	2023-09-06 00:04:31
U0267	HS_000072	2023-09-06 00:53:19
U0153	HS_000072	2023-09-06 01:08:57
U0175	HS_000074	2023-09-06 02:15:27
U0114	HS_000073	2023-09-06 02:29:35
U0160	HS_000074	2023-09-06 03:05:49
U0209	HS_000073	2023-09-06 03:08:24
U0010	HS_000072	2023-09-06 04:07:45
U0234	HS_000075	2023-09-06 04:41:31
U0014	HS_000074	2023-09-06 04:59:34
U0205	HS_000076	2023-09-06 05:20:21
U0090	HS_000076	2023-09-06 05:32:30
U0071	HS_000076	2023-09-06 05:49:15
U0198	HS_000077	2023-09-06 06:16:26
U0254	HS_000073	2023-09-06 06:36:55
U0275	HS_000077	2023-09-06 07:19:32
U0140	HS_000075	2023-09-06 08:09:31
U0191	HS_000078	2023-09-06 08:19:18
U0056	HS_000078	2023-09-06 09:09:55
U0239	HS_000078	2023-09-06 09:48:20
U0074	HS_000077	2023-09-06 09:49:11
U0059	HS_000078	2023-09-06 10:00:08
U0076	HS_000079	2023-09-06 10:09:25
U0228	HS_000078	2023-09-06 10:27:07
U0293	HS_000079	2023-09-06 10:43:59
U0097	HS_000078	2023-09-06 11:02:02
U0291	HS_000080	2023-09-06 11:43:59
U0138	HS_000079	2023-09-06 11:57:22
U0140	HS_000081	2023-09-06 12:21:36
U0043	HS_000081	2023-09-06 12:37:56
U0179	HS_000081	2023-09-06 13:42:14
U0291	HS_000081	2023-09-06 14:32:21
U0098	HS_000084	2023-09-06 14:46:04
U0011	HS_000080	2023-09-06 15:06:26
U0209	HS_000081	2023-09-06 15:43:25
U0236	HS_000081	2023-09-06 15:48:19
U0299	HS_000081	2023-09-06 15:49:26
U0264	HS_000083	2023-09-06 16:13:18
U0238	HS_000082	2023-09-06 16:15:34
U0094	HS_000081	2023-09-06 16:29:38
U0265	HS_000080	2023-09-06 16:42:35
U0025	HS_000082	2023-09-06 17:20:49
U0067	HS_000082	2023-09-06 18:02:14
U0151	HS_000085	2023-09-06 18:30:29
U0078	HS_000083	2023-09-06 18:35:15
U0175	HS_000083	2023-09-06 18:45:20
U0205	HS_000085	2023-09-06 19:16:28
U0159	HS_000085	2023-09-06 20:24:52
U0067	HS_000086	2023-09-06 22:22:06
U0206	HS_000086	2023-09-06 22:37:45
U0183	HS_000086	2023-09-07 01:23:23
U0165	HS_000086	2023-09-07 03:34:06
U0294	HS_000087	2023-09-07 04:42:03
U0052	HS_000087	2023-09-07 05:16:53
U0038	HS_000089	2023-09-07 05:55:57
U0117	HS_000089	2023-09-07 06:00:38
U0189	HS_000089	2023-09-07 06:34:31
U0073	HS_000088	2023-09-07 06:58:24
U0300	HS_000087	2023-09-07 07:02:04
U0273	HS_000091	2023-09-07 07:03:08
U0168	HS_000090	2023-09-07 07:17:37
U0039	HS_000087	2023-09-07 08:22:06
U0104	HS_000089	2023-09-07 08:49:56
U0139	HS_000089	2023-09-07 08:50:40
U0187	HS_000089	2023-09-07 08:58:59
U0023	HS_000088	2023-09-07 09:19:23
U0124	HS_000089	2023-09-07 09:35:35
U0234	HS_000088	2023-09-07 10:10:20
U0290	HS_000091	2023-09-07 10:20:24
U0073	HS_000090	2023-09-07 10:35:30
U0158	HS_000090	2023-09-07 10:35:38
U0087	HS_000090	2023-09-07 11:30:27
U0278	HS_000092	2023-09-07 11:49:05
U0150	HS_000092	2023-09-07 12:06:51
U0135	HS_000093	2023-09-07 12:40:17
U0054	HS_000094	2023-09-07 13:39:26
U0199	HS_000092	2023-09-07 13:50:04
U0048	HS_000094	2023-09-07 14:05:41
U0176	HS_000095	2023-09-07 14:21:54
U0166	HS_000092	2023-09-07 14:53:37
U0249	HS_000093	2023-09-07 14:54:29
U0122	HS_000092	2023-09-07 15:28:28
U0184	HS_000092	2023-09-07 15:49:44
U0113	HS_000096	2023-09-07 16:19:03
U0140	HS_000094	2023-09-07 18:01:11
U0239	HS_000094	2023-09-07 18:03:02
U0216	HS_000096	2023-09-07 18:16:50
U0124	HS_000097	2023-09-07 19:08:46
U0199	HS_000098	2023-09-07 20:03:59
U0246	HS_000098	2023-09-07 20:05:26
U0050	HS_000096	2023-09-07 20:39:01
U0252	HS_000098	2023-09-07 20:43:18
U0076	HS_000098	2023-09-07 20:53:46
U0034	HS_000098	2023-09-07 21:47:55
U0173	HS_000096	2023-09-07 21:53:35
U0165	HS_000097	2023-09-07 22:17:16
U0101	HS_000097	2023-09-07 23:37:16
U0087	HS_000099	2023-09-08 00:08:02
U0143	HS_000099	2023-09-08 00:33:59
U0180	HS_000098	2023-09-08 00:52:14
U0088	HS_000099	2023-09-08 01:55:44
U0159	HS_000100	2023-09-08 02:25:50
U0048	HS_000099	2023-09-08 02:37:13
U0016	HS_000099	2023-09-08 02:40:21
U0135	HS_000100	2023-09-08 03:54:19
\.


--
-- TOC entry 4843 (class 0 OID 17053)
-- Dependencies: 216
-- Data for Name: hotspot; Type: TABLE DATA; Schema: public; Owner: postgres
--

COPY public.hotspot (hotspotid, userid, critical, "timestamp", nearest_time, locationx, locationy, roadid, roaddirection, nearestmileageid_k, nearestmileageid_m, confirmcount) FROM stdin;
HS_000001	U0141	Y	2023-09-01 00:12:07	2023-09-01 00:10:00	121.731839	25.1188	10	S	0	500	2
HS_000002	U0169	N	2023-09-01 06:49:59	2023-09-01 06:50:00	121.667228	25.080874	10	N	9	0	3
HS_000003	U0247	N	2023-09-01 07:59:35	2023-09-01 08:00:00	121.563931	25.071029	10	N	20	0	4
HS_000004	U0037	N	2023-09-01 09:32:37	2023-09-01 09:30:00	121.516949	25.077599	10	S	24	800	8
HS_000005	U0243	N	2023-09-01 11:02:49	2023-09-01 11:00:00	121.291454	25.033586	10	N	49	800	5
HS_000006	U0078	N	2023-09-01 13:27:20	2023-09-01 13:30:00	121.211996	24.966693	10	S	60	700	1
HS_000007	U0129	N	2023-09-01 14:51:18	2023-09-01 14:50:00	121.096813	24.889171	10	N	76	600	5
HS_000008	U0110	N	2023-09-01 15:27:01	2023-09-01 15:30:00	121.010893	24.861	10	S	86	300	3
HS_000009	U0140	N	2023-09-01 16:39:28	2023-09-01 16:40:00	121.014155	24.818526	10	N	91	600	5
HS_000010	U0192	N	2023-09-01 17:20:58	2023-09-01 17:20:00	120.919016	24.692448	10	N	110	200	3
HS_000011	U0224	N	2023-09-01 20:05:40	2023-09-01 20:10:00	120.841503	24.55711	10	N	128	500	3
HS_000012	U0075	N	2023-09-01 20:18:02	2023-09-01 20:20:00	120.781846	24.488883	10	S	138	600	4
HS_000013	U0149	Y	2023-09-01 22:45:24	2023-09-01 22:50:00	120.729272	24.350269	10	S	155	800	5
HS_000014	U0264	Y	2023-09-01 23:22:31	2023-09-01 23:20:00	120.691636	24.259163	10	N	166	900	1
HS_000015	U0108	N	2023-09-01 23:22:40	2023-09-01 23:20:00	120.64891	24.201425	10	S	175	200	7
HS_000016	U0244	N	2023-09-02 01:50:42	2023-09-02 01:50:00	120.614469	24.118169	10	N	185	400	3
HS_000017	U0155	N	2023-09-02 02:26:04	2023-09-02 02:30:00	120.560557	24.104575	10	N	192	0	4
HS_000018	U0039	N	2023-09-02 03:42:21	2023-09-02 03:40:00	120.51906	24.02864	10	S	202	600	2
HS_000019	U0102	N	2023-09-02 05:00:07	2023-09-02 05:00:00	120.507004	23.981168	10	N	208	0	3
HS_000020	U0128	N	2023-09-02 06:51:15	2023-09-02 06:50:00	120.504754	23.943861	10	S	212	200	5
HS_000021	U0168	N	2023-09-02 09:08:31	2023-09-02 09:10:00	120.49773	23.913243	10	N	215	700	2
HS_000022	U0157	N	2023-09-02 10:46:19	2023-09-02 10:50:00	120.490104	23.872948	10	S	220	300	4
HS_000023	U0061	N	2023-09-02 11:50:49	2023-09-02 11:50:00	120.484708	23.811432	10	N	227	200	3
HS_000024	U0296	N	2023-09-02 15:10:38	2023-09-02 15:10:00	120.478668	23.788951	10	N	229	800	5
HS_000025	U0236	Y	2023-09-02 17:04:32	2023-09-02 17:00:00	120.468667	23.687756	10	S	241	400	3
HS_000026	U0070	N	2023-09-02 17:37:15	2023-09-02 17:40:00	120.438109	23.617658	10	N	249	900	1
HS_000027	U0081	N	2023-09-02 19:02:08	2023-09-02 19:00:00	120.410832	23.540915	10	S	258	900	2
HS_000028	U0056	N	2023-09-02 19:05:36	2023-09-02 19:10:00	120.361994	23.436982	10	N	271	700	4
HS_000029	U0101	N	2023-09-02 20:39:14	2023-09-02 20:40:00	120.355223	23.388307	10	S	277	200	3
HS_000030	U0254	N	2023-09-02 21:50:06	2023-09-02 21:50:00	120.2875	23.302746	10	N	289	300	1
HS_000031	U0126	N	2023-09-03 06:25:30	2023-09-03 06:30:00	120.240312	23.223135	10	S	299	400	3
HS_000032	U0267	N	2023-09-03 06:43:23	2023-09-03 06:40:00	120.234686	23.176286	10	N	304	700	5
HS_000033	U0223	N	2023-09-03 06:45:26	2023-09-03 06:50:00	120.252584	23.048455	10	S	319	300	2
HS_000034	U0077	N	2023-09-03 09:07:01	2023-09-03 09:10:00	120.27417	22.889087	10	N	337	600	3
HS_000035	U0104	N	2023-09-03 10:18:36	2023-09-03 10:20:00	120.314406	22.811326	10	S	347	200	2
HS_000036	U0235	N	2023-09-03 10:23:11	2023-09-03 10:20:00	120.327649	22.768905	10	N	352	100	1
HS_000037	U0137	N	2023-09-03 10:34:54	2023-09-03 10:30:00	120.328328	22.685057	10	N	361	600	3
HS_000038	U0175	N	2023-09-03 11:08:21	2023-09-03 11:10:00	120.329782	22.664425	10	S	363	900	4
HS_000039	U0114	N	2023-09-03 12:03:02	2023-09-03 12:00:00	120.33759	22.615464	10	N	369	500	5
HS_000040	U0290	N	2023-09-03 13:07:40	2023-09-03 13:10:00	120.327353	22.58503	10	S	373	500	3
HS_000041	U0027	N	2023-09-03 13:34:43	2023-09-03 13:30:00	121.673076	25.099243	30	S	6	600	6
HS_000042	U0094	N	2023-09-03 14:54:08	2023-09-03 14:50:00	121.643881	25.066711	30	N	11	500	3
HS_000043	U0182	N	2023-09-03 15:02:57	2023-09-03 15:00:00	121.616622	25.033272	30	S	16	400	3
HS_000044	U0193	N	2023-09-03 22:46:12	2023-09-03 22:50:00	121.59521	25.002357	30	N	20	600	3
HS_000045	U0172	N	2023-09-04 00:02:49	2023-09-04 00:00:00	121.505048	24.97785	30	N	33	400	3
HS_000046	U0268	N	2023-09-04 00:49:47	2023-09-04 00:50:00	121.372799	24.948928	30	S	48	800	4
HS_000047	U0089	N	2023-09-04 01:52:02	2023-09-04 01:50:00	121.290912	24.910287	30	N	59	100	1
HS_000048	U0080	N	2023-09-04 03:03:40	2023-09-04 03:00:00	121.246341	24.876532	30	S	65	300	4
HS_000049	U0036	N	2023-09-04 04:50:18	2023-09-04 04:50:00	121.199816	24.827636	30	N	73	300	2
HS_000050	U0092	Y	2023-09-04 05:18:47	2023-09-04 05:20:00	121.139963	24.804643	30	S	82	600	5
HS_000051	U0284	N	2023-09-04 06:27:32	2023-09-04 06:30:00	121.100489	24.778797	30	S	87	900	4
HS_000052	U0232	N	2023-09-04 07:29:59	2023-09-04 07:30:00	121.058628	24.757137	30	N	93	0	1
HS_000053	U0084	N	2023-09-04 08:25:11	2023-09-04 08:30:00	120.975577	24.757683	30	S	101	900	3
HS_000054	U0103	Y	2023-09-04 12:12:45	2023-09-04 12:10:00	120.898986	24.721245	30	N	111	300	4
HS_000055	U0170	N	2023-09-04 13:10:44	2023-09-04 13:10:00	120.830856	24.649203	30	S	122	600	3
HS_000056	U0071	N	2023-09-04 15:01:54	2023-09-04 15:00:00	120.786221	24.598326	30	N	130	100	6
HS_000057	U0072	N	2023-09-04 15:25:32	2023-09-04 15:30:00	120.665558	24.377887	30	S	158	900	1
HS_000058	U0060	Y	2023-09-04 21:31:22	2023-09-04 21:30:00	120.600684	24.28484	30	N	172	0	6
HS_000059	U0046	N	2023-09-05 01:09:23	2023-09-05 01:10:00	120.584911	24.216273	30	N	180	300	5
HS_000060	U0191	N	2023-09-05 01:29:54	2023-09-05 01:30:00	120.523515	24.135196	30	S	192	200	6
HS_000061	U0211	N	2023-09-05 03:42:51	2023-09-05 03:40:00	120.678931	24.046321	30	S	212	0	1
HS_000062	U0234	N	2023-09-05 05:17:55	2023-09-05 05:20:00	120.658199	23.956702	30	S	223	300	4
HS_000063	U0035	N	2023-09-05 05:37:30	2023-09-05 05:40:00	120.70347	23.86578	30	S	235	700	5
HS_000064	U0098	Y	2023-09-05 06:58:05	2023-09-05 07:00:00	120.704552	23.787313	30	N	245	0	3
HS_000065	U0201	N	2023-09-05 07:57:47	2023-09-05 08:00:00	120.601887	23.723931	30	S	261	700	4
HS_000066	U0152	N	2023-09-05 10:06:30	2023-09-05 10:10:00	120.573005	23.646612	30	N	271	400	2
HS_000067	U0215	N	2023-09-05 12:10:36	2023-09-05 12:10:00	120.523035	23.595984	30	S	279	600	4
HS_000068	U0270	N	2023-09-05 12:34:03	2023-09-05 12:30:00	120.494573	23.492565	30	N	292	500	5
HS_000069	U0276	N	2023-09-05 14:07:57	2023-09-05 14:10:00	120.430811	23.379464	30	S	308	300	5
HS_000070	U0286	N	2023-09-05 18:20:23	2023-09-05 18:20:00	120.35563	23.208261	30	N	330	600	4
HS_000071	U0121	N	2023-09-05 19:00:21	2023-09-05 19:00:00	120.334215	23.137585	30	S	339	0	3
HS_000072	U0085	N	2023-09-05 22:30:47	2023-09-05 22:30:00	120.323615	23.04344	30	N	349	700	4
HS_000073	U0166	N	2023-09-06 01:44:28	2023-09-06 01:40:00	120.349505	22.920032	30	S	365	300	3
HS_000074	U0064	N	2023-09-06 01:54:37	2023-09-06 01:50:00	120.36086	22.887757	30	N	369	200	3
HS_000075	U0151	N	2023-09-06 03:12:14	2023-09-06 03:10:00	120.42604	22.804093	30	S	381	300	2
HS_000076	U0086	N	2023-09-06 05:16:28	2023-09-06 05:20:00	120.444052	22.768146	30	S	386	300	3
HS_000077	U0237	N	2023-09-06 05:24:41	2023-09-06 05:20:00	120.556936	22.69496	30	S	400	900	3
HS_000078	U0207	Y	2023-09-06 07:42:58	2023-09-06 07:40:00	120.535945	22.634606	30	N	408	600	6
HS_000079	U0212	Y	2023-09-06 09:56:16	2023-09-06 10:00:00	120.520326	22.548523	30	S	418	500	3
HS_000080	U0124	N	2023-09-06 11:09:22	2023-09-06 11:10:00	120.527271	22.465313	30	N	428	0	3
HS_000081	U0263	N	2023-09-06 11:13:56	2023-09-06 11:10:00	121.644289	25.011975	50	S	3	500	8
HS_000082	U0030	N	2023-09-06 13:17:10	2023-09-06 13:20:00	121.672616	24.980953	50	S	8	500	3
HS_000083	U0258	N	2023-09-06 13:38:00	2023-09-06 13:40:00	121.702516	24.949218	50	N	13	400	3
HS_000084	U0160	N	2023-09-06 13:43:32	2023-09-06 13:40:00	121.756551	24.895848	50	S	21	600	1
HS_000085	U0105	N	2023-09-06 16:04:19	2023-09-06 16:00:00	121.791533	24.852913	50	N	27	600	3
HS_000086	U0059	N	2023-09-06 22:15:12	2023-09-06 22:20:00	121.778267	24.782776	50	S	35	900	4
HS_000087	U0042	N	2023-09-07 03:59:06	2023-09-07 04:00:00	121.781736	24.74263	50	N	40	500	4
HS_000088	U0241	N	2023-09-07 04:27:12	2023-09-07 04:30:00	121.788091	24.716434	50	N	43	500	3
HS_000089	U0255	N	2023-09-07 04:50:28	2023-09-07 04:50:00	121.791688	24.6866	50	S	46	900	7
HS_000090	U0112	N	2023-09-07 05:41:49	2023-09-07 05:40:00	121.800661	24.66192	50	N	49	900	4
HS_000091	U0156	N	2023-09-07 06:28:30	2023-09-07 06:30:00	121.779063	24.770516	50	S	37	300	2
HS_000092	U0117	Y	2023-09-07 10:04:30	2023-09-07 10:00:00	121.782593	24.801149	50	N	33	800	6
HS_000093	U0285	N	2023-09-07 11:36:02	2023-09-07 11:40:00	121.790367	24.835073	50	S	29	600	2
HS_000094	U0298	Y	2023-09-07 13:27:53	2023-09-07 13:30:00	121.778223	24.871035	50	N	25	100	4
HS_000095	U0033	N	2023-09-07 13:46:36	2023-09-07 13:50:00	121.718058	24.93534	50	N	15	700	1
HS_000096	U0068	N	2023-09-07 16:10:48	2023-09-07 16:10:00	121.683999	24.968293	50	N	10	300	4
HS_000097	U0148	N	2023-09-07 18:47:21	2023-09-07 18:50:00	121.593288	24.995092	30	S	21	400	3
HS_000098	U0136	N	2023-09-07 19:11:15	2023-09-07 19:10:00	121.405395	24.950486	30	S	45	500	6
HS_000099	U0213	N	2023-09-07 22:25:26	2023-09-07 22:30:00	121.022257	24.84061	10	S	89	0	5
HS_000100	U0204	N	2023-09-07 22:27:37	2023-09-07 22:30:00	120.243387	23.117894	10	S	311	400	2
\.


--
-- TOC entry 4845 (class 0 OID 17059)
-- Dependencies: 218
-- Data for Name: query; Type: TABLE DATA; Schema: public; Owner: postgres
--

COPY public.query (userid, queryexecutetime, querystarttime, queryendtime) FROM stdin;
U0279	2023-09-01 04:11:11	2023-09-01 01:00:00	2023-09-01 03:00:00
U0077	2023-09-01 05:03:14	2023-09-01 01:00:00	2023-09-01 03:30:00
U0231	2023-09-01 05:46:27	2023-09-01 01:00:00	2023-09-01 03:00:00
U0081	2023-09-01 06:13:03	2023-09-01 04:30:00	2023-09-01 05:30:00
U0157	2023-09-01 06:31:55	2023-09-01 01:30:00	2023-09-01 04:30:00
U0016	2023-09-01 06:39:37	2023-09-01 01:30:00	2023-09-01 03:30:00
U0157	2023-09-01 07:09:53	2023-09-01 01:00:00	2023-09-01 07:00:00
U0130	2023-09-01 07:29:20	2023-09-01 04:00:00	2023-09-01 04:30:00
U0085	2023-09-01 08:12:16	2023-09-01 04:30:00	2023-09-01 06:30:00
U0160	2023-09-01 08:36:42	2023-09-01 01:30:00	2023-09-01 04:00:00
U0060	2023-09-01 08:36:46	2023-09-01 05:30:00	2023-09-01 06:30:00
U0033	2023-09-01 08:51:48	2023-09-01 01:30:00	2023-09-01 04:30:00
U0219	2023-09-01 08:55:43	2023-09-01 01:30:00	2023-09-01 03:00:00
U0299	2023-09-01 09:03:20	2023-09-01 04:30:00	2023-09-01 05:00:00
U0085	2023-09-01 09:04:59	2023-09-01 02:00:00	2023-09-01 04:00:00
U0275	2023-09-01 09:05:28	2023-09-01 01:00:00	2023-09-01 05:30:00
U0161	2023-09-01 09:19:05	2023-09-01 03:00:00	2023-09-01 08:00:00
U0204	2023-09-01 09:35:32	2023-09-01 02:00:00	2023-09-01 04:00:00
U0010	2023-09-01 09:54:43	2023-09-01 02:00:00	2023-09-01 04:00:00
U0122	2023-09-01 10:25:23	2023-09-01 05:30:00	2023-09-01 08:30:00
U0237	2023-09-01 10:26:35	2023-09-01 04:30:00	2023-09-01 09:00:00
U0208	2023-09-01 10:52:01	2023-09-01 02:00:00	2023-09-01 06:00:00
U0201	2023-09-01 11:08:01	2023-09-01 02:00:00	2023-09-01 04:30:00
U0092	2023-09-01 11:13:49	2023-09-01 04:00:00	2023-09-01 04:30:00
U0272	2023-09-01 11:35:37	2023-09-01 08:30:00	2023-09-01 10:00:00
U0288	2023-09-01 11:58:33	2023-09-01 07:30:00	2023-09-01 10:30:00
U0087	2023-09-01 11:59:18	2023-09-01 01:00:00	2023-09-01 03:30:00
U0210	2023-09-01 12:06:28	2023-09-01 04:00:00	2023-09-01 06:00:00
U0216	2023-09-01 12:11:56	2023-09-01 06:00:00	2023-09-01 11:30:00
U0046	2023-09-01 12:25:44	2023-09-01 01:30:00	2023-09-01 04:00:00
U0130	2023-09-01 12:38:11	2023-09-01 07:00:00	2023-09-01 12:30:00
U0287	2023-09-01 12:39:47	2023-09-01 01:00:00	2023-09-01 04:00:00
U0084	2023-09-01 12:54:05	2023-09-01 05:30:00	2023-09-01 08:30:00
U0169	2023-09-01 13:02:18	2023-09-01 10:00:00	2023-09-01 11:30:00
U0296	2023-09-01 13:23:14	2023-09-01 09:00:00	2023-09-01 10:00:00
U0102	2023-09-01 13:38:55	2023-09-01 03:00:00	2023-09-01 12:00:00
U0167	2023-09-01 13:45:31	2023-09-01 01:00:00	2023-09-01 08:30:00
U0059	2023-09-01 14:35:10	2023-09-01 02:30:00	2023-09-01 04:00:00
U0221	2023-09-01 14:44:28	2023-09-01 03:00:00	2023-09-01 07:30:00
U0208	2023-09-01 15:03:04	2023-09-01 02:00:00	2023-09-01 04:30:00
U0116	2023-09-01 15:29:22	2023-09-01 09:00:00	2023-09-01 10:30:00
U0001	2023-09-01 15:36:49	2023-09-01 02:00:00	2023-09-01 04:30:00
U0241	2023-09-01 15:42:07	2023-09-01 01:30:00	2023-09-01 03:30:00
U0287	2023-09-01 16:18:16	2023-09-01 12:30:00	2023-09-01 14:30:00
U0261	2023-09-01 16:41:15	2023-09-01 03:30:00	2023-09-01 15:00:00
U0011	2023-09-01 16:59:19	2023-09-01 04:00:00	2023-09-01 11:00:00
U0147	2023-09-01 17:02:39	2023-09-01 01:30:00	2023-09-01 04:00:00
U0158	2023-09-01 17:11:59	2023-09-01 07:30:00	2023-09-01 11:30:00
U0028	2023-09-01 17:28:57	2023-09-01 07:30:00	2023-09-01 09:30:00
U0204	2023-09-01 17:33:43	2023-09-01 05:30:00	2023-09-01 08:30:00
U0127	2023-09-01 17:54:01	2023-09-01 02:00:00	2023-09-01 03:30:00
U0265	2023-09-01 18:07:03	2023-09-01 09:00:00	2023-09-01 14:30:00
U0199	2023-09-01 18:12:10	2023-09-01 13:30:00	2023-09-01 15:30:00
U0034	2023-09-01 18:39:35	2023-09-01 01:00:00	2023-09-01 17:30:00
U0300	2023-09-01 18:43:25	2023-09-01 04:00:00	2023-09-01 06:30:00
U0028	2023-09-01 18:59:18	2023-09-01 02:00:00	2023-09-01 04:00:00
U0291	2023-09-01 19:24:57	2023-09-01 07:00:00	2023-09-01 09:00:00
U0207	2023-09-01 19:30:52	2023-09-01 14:30:00	2023-09-01 18:30:00
U0030	2023-09-01 19:45:11	2023-09-01 10:30:00	2023-09-01 18:00:00
U0075	2023-09-01 20:27:17	2023-09-01 05:30:00	2023-09-01 07:30:00
U0184	2023-09-01 20:34:02	2023-09-01 01:30:00	2023-09-01 03:30:00
U0239	2023-09-01 20:35:45	2023-09-01 01:30:00	2023-09-01 03:00:00
U0213	2023-09-01 20:44:37	2023-09-01 06:30:00	2023-09-01 16:30:00
U0019	2023-09-01 21:05:16	2023-09-01 02:00:00	2023-09-01 17:00:00
U0296	2023-09-01 21:19:43	2023-09-01 03:30:00	2023-09-01 15:30:00
U0216	2023-09-01 21:27:47	2023-09-01 01:30:00	2023-09-01 18:00:00
U0166	2023-09-01 21:36:52	2023-09-01 07:30:00	2023-09-01 08:30:00
U0144	2023-09-01 21:50:20	2023-09-01 02:00:00	2023-09-01 06:00:00
U0115	2023-09-01 21:53:48	2023-09-01 03:30:00	2023-09-01 07:00:00
U0060	2023-09-01 21:58:24	2023-09-01 08:30:00	2023-09-01 11:30:00
U0166	2023-09-01 21:58:34	2023-09-01 11:00:00	2023-09-01 16:00:00
U0051	2023-09-01 22:00:11	2023-09-01 02:00:00	2023-09-01 14:30:00
U0250	2023-09-01 22:20:28	2023-09-01 01:30:00	2023-09-01 18:30:00
U0141	2023-09-01 22:30:28	2023-09-01 01:00:00	2023-09-01 03:00:00
U0239	2023-09-01 22:43:41	2023-09-01 01:00:00	2023-09-01 20:30:00
U0116	2023-09-01 23:11:25	2023-09-01 07:00:00	2023-09-01 18:00:00
U0233	2023-09-01 23:23:49	2023-09-01 01:30:00	2023-09-01 22:00:00
U0271	2023-09-01 23:32:55	2023-09-01 07:00:00	2023-09-01 15:00:00
U0189	2023-09-01 23:44:16	2023-09-01 04:00:00	2023-09-01 12:30:00
U0013	2023-09-02 00:01:09	2023-09-01 03:00:00	2023-09-01 19:30:00
U0042	2023-09-02 00:36:01	2023-09-01 04:30:00	2023-09-01 10:30:00
U0024	2023-09-02 01:03:27	2023-09-01 03:30:00	2023-09-01 08:00:00
U0128	2023-09-02 01:28:53	2023-09-01 08:00:00	2023-09-01 15:30:00
U0030	2023-09-02 01:50:20	2023-09-01 07:30:00	2023-09-01 09:00:00
U0225	2023-09-02 02:13:06	2023-09-01 10:30:00	2023-09-01 20:00:00
U0166	2023-09-02 02:21:05	2023-09-01 02:30:00	2023-09-01 22:30:00
U0204	2023-09-02 02:58:39	2023-09-01 02:30:00	2023-09-01 04:30:00
U0183	2023-09-02 03:15:36	2023-09-01 05:00:00	2023-09-01 12:00:00
U0261	2023-09-02 03:18:16	2023-09-01 03:30:00	2023-09-01 15:00:00
U0157	2023-09-02 04:30:40	2023-09-01 19:30:00	2023-09-01 22:30:00
U0198	2023-09-02 04:42:46	2023-09-01 05:00:00	2023-09-02 02:30:00
U0174	2023-09-02 04:50:24	2023-09-01 05:00:00	2023-09-01 13:30:00
U0272	2023-09-02 05:04:01	2023-09-01 01:00:00	2023-09-01 06:00:00
U0270	2023-09-02 05:08:39	2023-09-01 06:30:00	2023-09-01 20:00:00
U0196	2023-09-02 05:17:40	2023-09-01 03:30:00	2023-09-01 06:00:00
U0009	2023-09-02 05:45:07	2023-09-01 01:00:00	2023-09-01 04:00:00
U0217	2023-09-02 06:13:41	2023-09-01 21:00:00	2023-09-02 02:00:00
U0084	2023-09-02 06:28:48	2023-09-01 02:30:00	2023-09-01 07:30:00
U0294	2023-09-02 06:32:07	2023-09-01 07:30:00	2023-09-01 09:30:00
U0026	2023-09-02 06:43:59	2023-09-01 13:30:00	2023-09-01 19:30:00
U0297	2023-09-02 07:07:31	2023-09-01 04:30:00	2023-09-02 03:30:00
U0083	2023-09-02 07:30:38	2023-09-02 03:00:00	2023-09-02 06:00:00
U0227	2023-09-02 07:35:33	2023-09-01 12:30:00	2023-09-01 15:30:00
U0218	2023-09-02 08:06:37	2023-09-01 08:30:00	2023-09-01 09:30:00
U0108	2023-09-02 08:17:57	2023-09-01 05:00:00	2023-09-01 07:30:00
U0276	2023-09-02 08:38:31	2023-09-02 01:00:00	2023-09-02 03:00:00
U0166	2023-09-02 08:45:27	2023-09-01 09:30:00	2023-09-02 08:30:00
U0074	2023-09-02 08:46:57	2023-09-01 07:00:00	2023-09-01 10:00:00
U0167	2023-09-02 08:50:28	2023-09-01 12:00:00	2023-09-02 06:30:00
U0237	2023-09-02 09:32:32	2023-09-01 14:00:00	2023-09-01 19:30:00
U0139	2023-09-02 09:40:23	2023-09-02 02:00:00	2023-09-02 02:30:00
U0074	2023-09-02 09:55:39	2023-09-01 09:30:00	2023-09-01 11:00:00
U0087	2023-09-02 10:02:24	2023-09-01 03:00:00	2023-09-01 03:30:00
U0008	2023-09-02 10:13:17	2023-09-01 02:30:00	2023-09-01 06:00:00
U0002	2023-09-02 10:16:44	2023-09-01 16:00:00	2023-09-01 19:00:00
U0172	2023-09-02 10:25:35	2023-09-01 01:00:00	2023-09-01 07:30:00
U0249	2023-09-02 10:36:26	2023-09-01 15:00:00	2023-09-02 01:00:00
U0190	2023-09-02 10:58:05	2023-09-01 01:00:00	2023-09-02 03:00:00
U0238	2023-09-02 11:16:40	2023-09-01 20:00:00	2023-09-02 10:00:00
U0170	2023-09-02 11:27:54	2023-09-01 09:30:00	2023-09-01 16:30:00
U0226	2023-09-02 11:43:59	2023-09-02 08:00:00	2023-09-02 10:00:00
U0214	2023-09-02 11:50:20	2023-09-01 14:30:00	2023-09-01 16:30:00
U0169	2023-09-02 11:56:49	2023-09-01 01:00:00	2023-09-01 10:00:00
U0163	2023-09-02 12:28:58	2023-09-01 13:00:00	2023-09-01 16:30:00
U0202	2023-09-02 13:15:23	2023-09-01 11:00:00	2023-09-02 07:30:00
U0290	2023-09-02 14:44:02	2023-09-01 07:00:00	2023-09-01 09:00:00
U0036	2023-09-02 14:44:34	2023-09-01 05:00:00	2023-09-01 16:30:00
U0136	2023-09-02 15:01:03	2023-09-01 03:30:00	2023-09-01 07:30:00
U0069	2023-09-02 15:06:26	2023-09-01 09:30:00	2023-09-02 09:30:00
U0275	2023-09-02 15:14:47	2023-09-02 00:30:00	2023-09-02 07:30:00
U0127	2023-09-02 15:18:19	2023-09-01 10:00:00	2023-09-01 12:30:00
U0244	2023-09-02 15:21:14	2023-09-01 03:00:00	2023-09-01 04:30:00
U0051	2023-09-02 15:29:59	2023-09-02 01:00:00	2023-09-02 12:00:00
U0127	2023-09-02 15:43:34	2023-09-01 21:30:00	2023-09-02 14:00:00
U0247	2023-09-02 15:56:11	2023-09-01 04:30:00	2023-09-01 09:00:00
U0090	2023-09-02 16:25:43	2023-09-01 11:30:00	2023-09-02 09:30:00
U0280	2023-09-02 17:27:37	2023-09-01 01:00:00	2023-09-02 05:30:00
U0001	2023-09-02 18:04:29	2023-09-02 05:00:00	2023-09-02 07:00:00
U0263	2023-09-02 18:08:31	2023-09-01 23:00:00	2023-09-02 15:30:00
U0227	2023-09-02 18:11:33	2023-09-01 07:30:00	2023-09-01 15:00:00
U0113	2023-09-02 18:27:28	2023-09-01 06:00:00	2023-09-01 13:00:00
U0236	2023-09-02 19:09:15	2023-09-01 05:00:00	2023-09-01 10:30:00
U0253	2023-09-02 19:26:59	2023-09-02 06:00:00	2023-09-02 11:30:00
U0133	2023-09-02 19:29:44	2023-09-01 02:30:00	2023-09-01 16:00:00
U0114	2023-09-02 20:01:15	2023-09-01 07:00:00	2023-09-01 14:00:00
U0067	2023-09-02 20:13:47	2023-09-01 03:30:00	2023-09-01 08:00:00
U0192	2023-09-02 20:36:15	2023-09-01 13:30:00	2023-09-02 10:00:00
U0217	2023-09-02 20:52:57	2023-09-01 03:00:00	2023-09-01 18:00:00
U0159	2023-09-02 21:12:02	2023-09-01 21:00:00	2023-09-02 20:30:00
U0161	2023-09-02 21:29:01	2023-09-01 13:30:00	2023-09-02 15:00:00
U0191	2023-09-02 21:39:32	2023-09-02 09:00:00	2023-09-02 11:00:00
U0101	2023-09-02 22:01:51	2023-09-01 06:30:00	2023-09-02 01:30:00
U0292	2023-09-02 22:11:07	2023-09-01 04:30:00	2023-09-01 21:30:00
U0172	2023-09-02 22:16:32	2023-09-01 08:30:00	2023-09-01 17:30:00
U0108	2023-09-02 22:59:16	2023-09-01 02:00:00	2023-09-01 03:00:00
U0016	2023-09-02 22:59:30	2023-09-01 22:00:00	2023-09-02 14:30:00
U0196	2023-09-02 23:02:31	2023-09-01 07:30:00	2023-09-02 03:30:00
U0007	2023-09-02 23:22:20	2023-09-01 03:00:00	2023-09-02 08:00:00
U0088	2023-09-02 23:57:42	2023-09-01 08:30:00	2023-09-01 22:30:00
U0119	2023-09-03 00:01:30	2023-09-01 04:30:00	2023-09-01 05:30:00
U0276	2023-09-03 00:14:47	2023-09-01 19:30:00	2023-09-01 21:30:00
U0018	2023-09-03 00:23:07	2023-09-01 19:30:00	2023-09-02 11:00:00
U0107	2023-09-03 00:39:12	2023-09-01 07:00:00	2023-09-01 14:00:00
U0132	2023-09-03 00:44:33	2023-09-01 07:30:00	2023-09-01 15:00:00
U0173	2023-09-03 00:47:08	2023-09-01 10:30:00	2023-09-02 08:00:00
U0110	2023-09-03 00:53:18	2023-09-01 23:30:00	2023-09-02 11:30:00
U0191	2023-09-03 01:05:52	2023-09-01 09:00:00	2023-09-02 08:00:00
U0164	2023-09-03 01:12:56	2023-09-02 06:00:00	2023-09-02 08:30:00
U0269	2023-09-03 01:13:31	2023-09-01 07:30:00	2023-09-02 09:00:00
U0023	2023-09-03 01:26:48	2023-09-02 00:30:00	2023-09-02 06:00:00
U0115	2023-09-03 01:26:52	2023-09-01 07:00:00	2023-09-02 14:30:00
U0165	2023-09-03 01:38:07	2023-09-01 10:30:00	2023-09-01 12:30:00
U0149	2023-09-03 01:41:18	2023-09-01 06:00:00	2023-09-01 09:30:00
U0067	2023-09-03 02:19:01	2023-09-01 02:00:00	2023-09-01 09:30:00
U0180	2023-09-03 03:22:14	2023-09-01 05:30:00	2023-09-01 22:30:00
U0041	2023-09-03 04:02:30	2023-09-01 04:30:00	2023-09-01 08:00:00
U0116	2023-09-03 04:42:16	2023-09-01 20:30:00	2023-09-02 22:00:00
U0205	2023-09-03 04:50:20	2023-09-01 20:30:00	2023-09-02 16:00:00
U0071	2023-09-03 05:17:20	2023-09-01 18:30:00	2023-09-02 10:30:00
U0221	2023-09-03 05:43:18	2023-09-01 03:30:00	2023-09-01 21:00:00
U0048	2023-09-03 05:52:46	2023-09-02 01:30:00	2023-09-02 23:30:00
U0273	2023-09-03 05:55:55	2023-09-01 04:00:00	2023-09-01 11:30:00
U0058	2023-09-03 06:14:13	2023-09-01 22:00:00	2023-09-02 01:00:00
U0036	2023-09-03 06:29:09	2023-09-01 13:30:00	2023-09-02 05:00:00
U0279	2023-09-03 06:40:51	2023-09-01 17:30:00	2023-09-02 20:00:00
U0124	2023-09-03 06:42:52	2023-09-01 05:30:00	2023-09-01 09:00:00
U0195	2023-09-03 07:26:36	2023-09-01 16:00:00	2023-09-02 14:30:00
U0244	2023-09-03 07:30:58	2023-09-01 19:30:00	2023-09-02 06:30:00
U0119	2023-09-03 07:39:13	2023-09-01 05:00:00	2023-09-02 09:00:00
U0093	2023-09-03 07:55:13	2023-09-01 02:30:00	2023-09-01 09:00:00
U0035	2023-09-03 08:01:07	2023-09-01 11:30:00	2023-09-01 22:00:00
U0050	2023-09-03 08:13:36	2023-09-01 14:30:00	2023-09-03 04:00:00
U0058	2023-09-03 08:14:41	2023-09-01 23:30:00	2023-09-02 11:30:00
U0101	2023-09-03 08:15:04	2023-09-01 11:30:00	2023-09-02 04:00:00
U0216	2023-09-03 08:27:51	2023-09-01 20:00:00	2023-09-02 22:30:00
U0039	2023-09-03 08:39:17	2023-09-03 00:00:00	2023-09-03 04:30:00
U0128	2023-09-03 08:47:57	2023-09-01 04:30:00	2023-09-02 05:30:00
U0036	2023-09-03 08:58:29	2023-09-02 04:00:00	2023-09-02 21:00:00
U0272	2023-09-03 09:02:08	2023-09-01 03:00:00	2023-09-01 23:00:00
U0136	2023-09-03 09:35:52	2023-09-02 01:30:00	2023-09-02 21:00:00
U0167	2023-09-03 09:42:40	2023-09-02 00:00:00	2023-09-02 07:30:00
U0230	2023-09-03 10:00:13	2023-09-01 08:00:00	2023-09-01 11:00:00
U0151	2023-09-03 10:05:29	2023-09-01 03:00:00	2023-09-01 12:00:00
U0135	2023-09-03 10:18:02	2023-09-02 22:30:00	2023-09-03 02:00:00
U0125	2023-09-03 10:23:20	2023-09-01 08:00:00	2023-09-02 03:00:00
U0048	2023-09-03 10:29:00	2023-09-01 06:00:00	2023-09-01 14:30:00
U0097	2023-09-03 10:34:33	2023-09-02 10:30:00	2023-09-03 10:00:00
U0300	2023-09-03 10:36:23	2023-09-02 02:30:00	2023-09-02 14:00:00
U0204	2023-09-03 10:41:40	2023-09-02 05:00:00	2023-09-02 14:30:00
U0048	2023-09-03 10:56:14	2023-09-01 11:30:00	2023-09-01 21:30:00
U0019	2023-09-03 10:57:39	2023-09-01 01:30:00	2023-09-01 13:30:00
U0147	2023-09-03 11:01:00	2023-09-01 11:00:00	2023-09-01 19:30:00
U0270	2023-09-03 11:21:35	2023-09-01 10:30:00	2023-09-01 15:00:00
U0157	2023-09-03 11:40:38	2023-09-01 01:30:00	2023-09-01 06:30:00
U0191	2023-09-03 11:54:39	2023-09-01 03:00:00	2023-09-01 22:30:00
U0278	2023-09-03 12:02:58	2023-09-01 16:30:00	2023-09-02 22:30:00
U0242	2023-09-03 12:04:01	2023-09-01 03:00:00	2023-09-01 17:00:00
U0223	2023-09-03 12:20:14	2023-09-01 10:30:00	2023-09-03 02:00:00
U0069	2023-09-03 12:40:50	2023-09-01 08:00:00	2023-09-01 21:00:00
U0015	2023-09-03 12:45:23	2023-09-01 17:00:00	2023-09-01 21:00:00
U0056	2023-09-03 12:49:00	2023-09-01 06:30:00	2023-09-01 23:00:00
U0175	2023-09-03 13:08:13	2023-09-01 21:30:00	2023-09-02 13:30:00
U0172	2023-09-03 13:16:35	2023-09-02 11:30:00	2023-09-02 23:30:00
U0274	2023-09-03 13:17:48	2023-09-01 20:30:00	2023-09-02 12:30:00
U0185	2023-09-03 13:20:54	2023-09-01 08:00:00	2023-09-02 19:00:00
U0252	2023-09-03 13:36:48	2023-09-01 14:00:00	2023-09-02 02:30:00
U0149	2023-09-03 14:00:35	2023-09-01 01:30:00	2023-09-01 04:00:00
U0277	2023-09-03 14:05:02	2023-09-01 22:30:00	2023-09-02 15:00:00
U0106	2023-09-03 14:40:11	2023-09-01 02:00:00	2023-09-01 08:00:00
U0211	2023-09-03 14:47:56	2023-09-01 07:00:00	2023-09-01 13:30:00
U0200	2023-09-03 14:54:10	2023-09-03 04:30:00	2023-09-03 14:00:00
U0152	2023-09-03 15:14:13	2023-09-01 09:30:00	2023-09-02 09:30:00
U0166	2023-09-03 15:32:59	2023-09-02 13:30:00	2023-09-03 08:30:00
U0090	2023-09-03 15:34:47	2023-09-01 08:00:00	2023-09-02 17:30:00
U0297	2023-09-03 16:01:02	2023-09-01 16:00:00	2023-09-02 09:00:00
U0295	2023-09-03 16:03:52	2023-09-01 18:00:00	2023-09-03 05:30:00
U0180	2023-09-03 16:27:43	2023-09-01 09:30:00	2023-09-01 10:00:00
U0225	2023-09-03 16:31:03	2023-09-02 03:30:00	2023-09-02 15:30:00
U0152	2023-09-03 16:43:34	2023-09-03 01:30:00	2023-09-03 04:00:00
U0160	2023-09-03 17:16:58	2023-09-01 23:30:00	2023-09-03 12:00:00
U0064	2023-09-03 17:20:19	2023-09-03 04:30:00	2023-09-03 13:30:00
U0086	2023-09-03 17:20:49	2023-09-01 07:00:00	2023-09-01 10:30:00
U0189	2023-09-03 17:33:04	2023-09-01 01:30:00	2023-09-01 04:00:00
U0141	2023-09-03 17:46:30	2023-09-01 02:00:00	2023-09-02 08:30:00
U0237	2023-09-03 17:56:07	2023-09-01 20:00:00	2023-09-01 20:30:00
U0033	2023-09-03 17:57:14	2023-09-02 10:30:00	2023-09-03 04:00:00
U0265	2023-09-03 18:10:13	2023-09-01 10:00:00	2023-09-01 11:00:00
U0288	2023-09-03 18:39:13	2023-09-02 07:00:00	2023-09-03 16:00:00
U0229	2023-09-03 19:11:14	2023-09-01 11:00:00	2023-09-01 23:30:00
U0225	2023-09-03 19:33:21	2023-09-01 04:00:00	2023-09-02 17:00:00
U0254	2023-09-03 20:11:11	2023-09-02 18:00:00	2023-09-03 10:30:00
U0239	2023-09-03 20:21:27	2023-09-01 08:00:00	2023-09-01 11:30:00
U0011	2023-09-03 21:01:41	2023-09-02 06:00:00	2023-09-03 11:00:00
U0170	2023-09-03 21:24:10	2023-09-03 15:00:00	2023-09-03 19:00:00
U0205	2023-09-03 21:31:30	2023-09-01 07:30:00	2023-09-01 13:00:00
U0287	2023-09-03 21:44:33	2023-09-02 13:30:00	2023-09-03 14:30:00
U0143	2023-09-03 21:54:26	2023-09-01 13:00:00	2023-09-02 20:00:00
U0024	2023-09-03 21:58:11	2023-09-01 06:00:00	2023-09-02 01:30:00
U0173	2023-09-03 22:09:19	2023-09-02 02:00:00	2023-09-03 05:00:00
U0058	2023-09-03 22:14:32	2023-09-01 07:00:00	2023-09-02 21:30:00
U0060	2023-09-03 22:42:31	2023-09-02 21:00:00	2023-09-03 03:30:00
U0085	2023-09-03 22:45:58	2023-09-01 23:00:00	2023-09-02 20:30:00
U0197	2023-09-03 22:54:00	2023-09-01 19:30:00	2023-09-02 02:30:00
U0190	2023-09-03 22:54:05	2023-09-03 03:30:00	2023-09-03 09:30:00
U0046	2023-09-03 22:59:31	2023-09-01 01:30:00	2023-09-01 06:30:00
U0128	2023-09-03 23:09:47	2023-09-01 01:30:00	2023-09-02 12:30:00
U0300	2023-09-03 23:52:19	2023-09-01 01:30:00	2023-09-01 05:00:00
U0031	2023-09-03 23:57:30	2023-09-01 06:00:00	2023-09-02 10:00:00
U0261	2023-09-04 00:02:48	2023-09-01 07:00:00	2023-09-03 14:30:00
U0169	2023-09-04 00:11:08	2023-09-03 04:00:00	2023-09-03 04:30:00
U0106	2023-09-04 00:25:20	2023-09-01 03:00:00	2023-09-03 02:00:00
U0248	2023-09-04 00:35:14	2023-09-01 03:30:00	2023-09-01 04:00:00
U0231	2023-09-04 00:41:12	2023-09-02 15:00:00	2023-09-02 19:00:00
U0070	2023-09-04 01:04:09	2023-09-02 06:00:00	2023-09-03 16:00:00
U0081	2023-09-04 01:44:51	2023-09-01 22:30:00	2023-09-04 00:30:00
U0028	2023-09-04 01:47:44	2023-09-02 00:00:00	2023-09-02 13:00:00
U0055	2023-09-04 01:53:41	2023-09-01 13:00:00	2023-09-03 03:00:00
U0101	2023-09-04 01:54:33	2023-09-02 08:00:00	2023-09-02 17:30:00
U0123	2023-09-04 02:06:49	2023-09-01 12:00:00	2023-09-01 22:00:00
U0139	2023-09-04 02:25:50	2023-09-01 07:30:00	2023-09-02 02:00:00
U0235	2023-09-04 03:10:27	2023-09-03 14:00:00	2023-09-04 03:00:00
U0112	2023-09-04 03:30:24	2023-09-01 14:00:00	2023-09-02 18:00:00
U0286	2023-09-04 03:47:38	2023-09-01 20:00:00	2023-09-04 02:30:00
U0053	2023-09-04 03:58:59	2023-09-01 07:30:00	2023-09-01 14:00:00
U0030	2023-09-04 04:13:01	2023-09-01 04:00:00	2023-09-01 22:00:00
U0103	2023-09-04 04:55:11	2023-09-02 09:30:00	2023-09-03 10:00:00
U0002	2023-09-04 05:04:34	2023-09-01 11:00:00	2023-09-04 00:30:00
U0251	2023-09-04 05:22:36	2023-09-03 08:00:00	2023-09-03 09:30:00
U0272	2023-09-04 06:47:59	2023-09-03 08:30:00	2023-09-03 18:30:00
U0251	2023-09-04 06:51:15	2023-09-02 19:30:00	2023-09-03 18:00:00
U0258	2023-09-04 06:54:43	2023-09-01 18:30:00	2023-09-03 19:30:00
U0128	2023-09-04 06:58:58	2023-09-01 08:00:00	2023-09-02 05:30:00
U0008	2023-09-04 07:02:08	2023-09-02 12:30:00	2023-09-03 17:30:00
U0194	2023-09-04 07:11:22	2023-09-01 06:00:00	2023-09-01 13:30:00
U0065	2023-09-04 07:12:48	2023-09-01 09:00:00	2023-09-01 11:30:00
U0049	2023-09-04 07:17:11	2023-09-03 01:00:00	2023-09-03 13:30:00
U0276	2023-09-04 07:21:51	2023-09-01 03:00:00	2023-09-02 02:00:00
U0185	2023-09-04 07:31:54	2023-09-02 21:30:00	2023-09-03 22:30:00
U0223	2023-09-04 07:49:16	2023-09-03 07:30:00	2023-09-03 11:30:00
U0270	2023-09-04 07:55:48	2023-09-01 01:00:00	2023-09-01 06:00:00
U0066	2023-09-04 08:25:17	2023-09-01 04:30:00	2023-09-01 16:00:00
U0239	2023-09-04 08:26:30	2023-09-02 20:30:00	2023-09-04 02:30:00
U0092	2023-09-04 08:37:48	2023-09-01 04:30:00	2023-09-01 07:30:00
U0103	2023-09-04 09:15:13	2023-09-01 03:00:00	2023-09-01 08:00:00
U0128	2023-09-04 09:16:29	2023-09-02 12:30:00	2023-09-03 02:30:00
U0150	2023-09-04 09:27:32	2023-09-01 17:30:00	2023-09-02 01:00:00
U0160	2023-09-04 09:35:35	2023-09-01 10:00:00	2023-09-03 14:30:00
U0208	2023-09-04 09:36:19	2023-09-01 02:00:00	2023-09-01 04:30:00
U0015	2023-09-04 09:51:22	2023-09-01 01:30:00	2023-09-01 16:30:00
U0269	2023-09-04 09:55:33	2023-09-01 05:00:00	2023-09-01 10:00:00
U0209	2023-09-04 10:09:39	2023-09-01 15:30:00	2023-09-02 03:30:00
U0277	2023-09-04 10:10:12	2023-09-02 11:00:00	2023-09-04 09:00:00
U0074	2023-09-04 10:19:30	2023-09-01 02:30:00	2023-09-01 05:00:00
U0075	2023-09-04 10:40:05	2023-09-01 22:00:00	2023-09-03 22:00:00
U0263	2023-09-04 11:15:12	2023-09-02 00:00:00	2023-09-03 02:30:00
U0075	2023-09-04 11:18:13	2023-09-01 07:00:00	2023-09-01 07:30:00
U0091	2023-09-04 11:33:31	2023-09-01 07:00:00	2023-09-01 15:00:00
U0107	2023-09-04 11:35:34	2023-09-01 03:00:00	2023-09-01 13:00:00
U0039	2023-09-04 11:49:27	2023-09-03 05:00:00	2023-09-03 20:30:00
U0082	2023-09-04 12:20:49	2023-09-01 11:30:00	2023-09-04 10:00:00
U0060	2023-09-04 12:24:07	2023-09-03 06:00:00	2023-09-04 10:30:00
U0101	2023-09-04 12:46:57	2023-09-01 02:30:00	2023-09-01 03:30:00
U0172	2023-09-04 13:02:30	2023-09-02 15:30:00	2023-09-03 10:00:00
U0276	2023-09-04 13:14:49	2023-09-01 01:00:00	2023-09-04 09:00:00
U0173	2023-09-04 13:16:23	2023-09-02 00:00:00	2023-09-04 09:30:00
U0039	2023-09-04 14:05:43	2023-09-01 08:00:00	2023-09-02 16:30:00
U0175	2023-09-04 14:15:09	2023-09-04 02:30:00	2023-09-04 08:30:00
U0105	2023-09-04 14:34:00	2023-09-01 14:30:00	2023-09-02 02:30:00
U0013	2023-09-04 14:51:16	2023-09-01 08:00:00	2023-09-02 22:30:00
U0096	2023-09-04 14:58:16	2023-09-03 03:30:00	2023-09-03 07:30:00
U0201	2023-09-04 15:28:25	2023-09-02 18:30:00	2023-09-04 13:30:00
U0202	2023-09-04 15:42:44	2023-09-02 12:30:00	2023-09-03 01:30:00
U0031	2023-09-04 15:48:04	2023-09-02 12:30:00	2023-09-02 20:30:00
U0291	2023-09-04 16:11:02	2023-09-01 20:00:00	2023-09-04 08:30:00
U0152	2023-09-04 16:19:10	2023-09-01 02:00:00	2023-09-04 13:30:00
U0135	2023-09-04 16:48:30	2023-09-03 13:00:00	2023-09-03 20:30:00
U0280	2023-09-04 16:49:20	2023-09-02 00:30:00	2023-09-02 17:00:00
U0115	2023-09-04 16:50:29	2023-09-01 12:00:00	2023-09-02 15:00:00
U0201	2023-09-04 17:06:09	2023-09-01 23:30:00	2023-09-03 15:00:00
U0268	2023-09-04 17:06:13	2023-09-01 12:30:00	2023-09-03 09:00:00
U0089	2023-09-04 17:41:07	2023-09-01 02:30:00	2023-09-02 06:30:00
U0258	2023-09-04 17:51:15	2023-09-01 20:30:00	2023-09-03 23:30:00
U0145	2023-09-04 18:00:23	2023-09-01 03:00:00	2023-09-02 16:30:00
U0015	2023-09-04 18:10:42	2023-09-03 01:00:00	2023-09-03 10:00:00
U0195	2023-09-04 18:52:00	2023-09-02 23:00:00	2023-09-04 16:30:00
U0267	2023-09-04 19:10:14	2023-09-01 15:30:00	2023-09-02 01:00:00
U0048	2023-09-04 19:38:36	2023-09-02 01:30:00	2023-09-03 17:30:00
U0241	2023-09-04 20:32:07	2023-09-01 05:00:00	2023-09-01 05:30:00
U0284	2023-09-04 20:34:32	2023-09-01 07:30:00	2023-09-03 23:30:00
U0028	2023-09-04 20:44:05	2023-09-02 16:00:00	2023-09-03 10:30:00
U0111	2023-09-04 20:49:52	2023-09-02 04:00:00	2023-09-03 09:30:00
U0161	2023-09-04 21:43:03	2023-09-01 03:30:00	2023-09-01 11:30:00
U0122	2023-09-04 22:12:22	2023-09-01 12:00:00	2023-09-01 16:30:00
U0247	2023-09-04 22:19:20	2023-09-01 06:00:00	2023-09-02 08:30:00
U0300	2023-09-04 22:43:35	2023-09-02 07:30:00	2023-09-04 11:00:00
U0180	2023-09-04 22:55:53	2023-09-02 06:00:00	2023-09-04 04:30:00
U0237	2023-09-04 23:05:27	2023-09-01 21:00:00	2023-09-03 08:30:00
U0118	2023-09-04 23:18:48	2023-09-01 02:00:00	2023-09-01 18:30:00
U0044	2023-09-04 23:19:00	2023-09-01 20:30:00	2023-09-02 03:00:00
U0298	2023-09-04 23:24:37	2023-09-01 11:30:00	2023-09-02 01:00:00
U0208	2023-09-04 23:40:13	2023-09-02 23:00:00	2023-09-03 11:00:00
U0240	2023-09-04 23:49:53	2023-09-01 15:00:00	2023-09-03 03:00:00
U0209	2023-09-05 00:02:31	2023-09-01 12:30:00	2023-09-01 16:00:00
U0279	2023-09-05 00:02:55	2023-09-01 04:30:00	2023-09-01 11:30:00
U0028	2023-09-05 00:36:05	2023-09-01 10:00:00	2023-09-01 14:30:00
U0101	2023-09-05 00:56:42	2023-09-01 05:30:00	2023-09-04 10:00:00
U0293	2023-09-05 01:18:47	2023-09-02 22:30:00	2023-09-03 02:00:00
U0291	2023-09-05 01:35:38	2023-09-02 07:00:00	2023-09-02 21:00:00
U0220	2023-09-05 01:43:26	2023-09-01 09:00:00	2023-09-02 11:30:00
U0218	2023-09-05 01:47:34	2023-09-03 02:00:00	2023-09-03 07:00:00
U0157	2023-09-05 01:48:23	2023-09-02 18:00:00	2023-09-04 02:30:00
U0250	2023-09-05 01:57:35	2023-09-01 09:30:00	2023-09-01 22:30:00
U0106	2023-09-05 02:01:39	2023-09-02 00:30:00	2023-09-02 21:00:00
U0137	2023-09-05 02:11:10	2023-09-01 10:30:00	2023-09-03 09:00:00
U0276	2023-09-05 02:52:25	2023-09-01 14:30:00	2023-09-04 12:00:00
U0119	2023-09-05 03:27:06	2023-09-01 01:00:00	2023-09-02 14:30:00
U0130	2023-09-05 03:35:16	2023-09-01 06:00:00	2023-09-01 11:30:00
U0071	2023-09-05 03:48:33	2023-09-02 00:00:00	2023-09-04 02:00:00
U0287	2023-09-05 03:54:10	2023-09-01 05:30:00	2023-09-01 06:00:00
U0080	2023-09-05 03:58:13	2023-09-04 00:00:00	2023-09-05 03:00:00
U0163	2023-09-05 04:14:53	2023-09-01 15:00:00	2023-09-02 02:00:00
U0001	2023-09-05 04:20:03	2023-09-01 11:00:00	2023-09-02 14:30:00
U0104	2023-09-05 04:23:47	2023-09-01 12:00:00	2023-09-01 13:00:00
U0052	2023-09-05 04:54:50	2023-09-02 23:30:00	2023-09-03 13:00:00
U0248	2023-09-05 05:13:51	2023-09-01 03:00:00	2023-09-01 10:00:00
U0182	2023-09-05 05:17:08	2023-09-01 23:30:00	2023-09-02 01:00:00
U0039	2023-09-05 05:30:15	2023-09-01 01:00:00	2023-09-01 03:30:00
U0012	2023-09-05 05:32:07	2023-09-04 11:30:00	2023-09-05 03:00:00
U0260	2023-09-05 05:51:51	2023-09-01 19:00:00	2023-09-01 20:00:00
U0247	2023-09-05 05:56:16	2023-09-01 22:00:00	2023-09-01 22:30:00
U0246	2023-09-05 06:14:04	2023-09-01 16:30:00	2023-09-02 00:30:00
U0009	2023-09-05 06:16:35	2023-09-02 11:00:00	2023-09-02 22:30:00
U0112	2023-09-05 06:32:25	2023-09-01 11:00:00	2023-09-01 17:30:00
U0270	2023-09-05 06:39:43	2023-09-02 02:00:00	2023-09-04 13:30:00
U0039	2023-09-05 06:42:24	2023-09-01 02:00:00	2023-09-01 07:00:00
U0172	2023-09-05 06:42:28	2023-09-01 16:30:00	2023-09-01 17:00:00
U0119	2023-09-05 06:57:03	2023-09-03 22:30:00	2023-09-04 04:30:00
U0261	2023-09-05 07:43:18	2023-09-01 12:30:00	2023-09-03 23:30:00
U0125	2023-09-05 07:49:15	2023-09-03 03:30:00	2023-09-03 16:00:00
U0290	2023-09-05 08:04:05	2023-09-02 07:00:00	2023-09-02 16:30:00
U0256	2023-09-05 08:29:58	2023-09-03 12:30:00	2023-09-04 21:00:00
U0195	2023-09-05 09:06:50	2023-09-01 05:00:00	2023-09-05 08:30:00
U0109	2023-09-05 09:16:55	2023-09-02 14:30:00	2023-09-04 11:30:00
U0138	2023-09-05 09:57:13	2023-09-02 19:00:00	2023-09-05 03:30:00
U0240	2023-09-05 10:02:25	2023-09-05 00:30:00	2023-09-05 02:00:00
U0292	2023-09-05 10:25:45	2023-09-02 02:00:00	2023-09-02 13:30:00
U0241	2023-09-05 10:48:08	2023-09-03 13:30:00	2023-09-04 20:30:00
U0123	2023-09-05 11:05:20	2023-09-01 11:00:00	2023-09-01 14:00:00
U0066	2023-09-05 11:10:41	2023-09-03 23:30:00	2023-09-04 16:00:00
U0070	2023-09-05 11:21:54	2023-09-01 21:00:00	2023-09-04 12:30:00
U0212	2023-09-05 11:26:08	2023-09-02 10:30:00	2023-09-02 12:00:00
U0151	2023-09-05 11:59:18	2023-09-02 23:30:00	2023-09-03 12:00:00
U0104	2023-09-05 12:27:00	2023-09-01 13:00:00	2023-09-01 20:00:00
U0239	2023-09-05 12:31:57	2023-09-01 14:00:00	2023-09-04 06:00:00
U0159	2023-09-05 12:43:37	2023-09-01 12:30:00	2023-09-04 15:00:00
U0260	2023-09-05 12:45:28	2023-09-03 12:30:00	2023-09-03 15:30:00
U0163	2023-09-05 13:05:28	2023-09-02 08:00:00	2023-09-04 20:30:00
U0016	2023-09-05 13:34:34	2023-09-04 10:30:00	2023-09-04 19:30:00
U0031	2023-09-05 14:03:49	2023-09-02 20:00:00	2023-09-02 20:30:00
U0143	2023-09-05 14:06:57	2023-09-03 01:30:00	2023-09-03 16:30:00
U0179	2023-09-05 14:07:36	2023-09-02 22:00:00	2023-09-03 00:30:00
U0181	2023-09-05 14:09:27	2023-09-01 14:00:00	2023-09-02 08:30:00
U0202	2023-09-05 14:13:17	2023-09-01 17:00:00	2023-09-05 07:30:00
U0226	2023-09-05 14:37:14	2023-09-01 14:00:00	2023-09-02 03:30:00
U0122	2023-09-05 15:07:08	2023-09-04 19:00:00	2023-09-05 10:30:00
U0210	2023-09-05 15:15:02	2023-09-03 02:00:00	2023-09-04 10:00:00
U0017	2023-09-05 15:26:38	2023-09-02 15:30:00	2023-09-04 03:30:00
U0128	2023-09-05 15:48:53	2023-09-02 17:30:00	2023-09-03 08:00:00
U0168	2023-09-05 15:54:13	2023-09-02 07:30:00	2023-09-04 14:30:00
U0080	2023-09-05 15:55:25	2023-09-04 20:00:00	2023-09-05 04:00:00
U0118	2023-09-05 16:55:02	2023-09-02 02:30:00	2023-09-02 17:00:00
U0255	2023-09-05 17:38:22	2023-09-01 09:30:00	2023-09-02 04:00:00
U0175	2023-09-05 17:40:17	2023-09-02 09:30:00	2023-09-02 23:30:00
U0059	2023-09-05 17:44:42	2023-09-01 02:00:00	2023-09-02 15:30:00
U0184	2023-09-05 18:09:57	2023-09-03 10:30:00	2023-09-03 21:00:00
U0291	2023-09-05 18:49:05	2023-09-02 15:00:00	2023-09-04 14:00:00
U0289	2023-09-05 19:18:24	2023-09-01 08:30:00	2023-09-04 05:00:00
U0038	2023-09-05 19:56:33	2023-09-02 10:30:00	2023-09-05 13:30:00
U0026	2023-09-05 19:58:40	2023-09-01 01:00:00	2023-09-05 09:30:00
U0111	2023-09-05 20:17:46	2023-09-01 22:30:00	2023-09-02 13:30:00
U0214	2023-09-05 20:20:25	2023-09-03 19:00:00	2023-09-05 02:30:00
U0222	2023-09-05 20:49:07	2023-09-01 14:30:00	2023-09-01 19:00:00
U0248	2023-09-05 20:52:30	2023-09-01 02:00:00	2023-09-01 20:30:00
U0290	2023-09-05 21:02:30	2023-09-01 11:30:00	2023-09-04 19:30:00
U0210	2023-09-05 21:18:14	2023-09-04 01:30:00	2023-09-05 17:30:00
U0213	2023-09-05 21:51:48	2023-09-02 06:00:00	2023-09-02 09:30:00
U0238	2023-09-05 22:08:06	2023-09-03 20:00:00	2023-09-05 10:30:00
U0234	2023-09-05 22:13:50	2023-09-03 15:00:00	2023-09-04 19:30:00
U0029	2023-09-05 22:19:10	2023-09-02 04:00:00	2023-09-04 19:00:00
U0282	2023-09-05 22:24:43	2023-09-01 11:30:00	2023-09-04 19:00:00
U0101	2023-09-05 22:31:26	2023-09-01 04:30:00	2023-09-03 05:00:00
U0238	2023-09-05 22:38:49	2023-09-01 05:00:00	2023-09-02 20:00:00
U0052	2023-09-05 22:39:22	2023-09-01 15:30:00	2023-09-03 17:00:00
U0094	2023-09-05 22:45:50	2023-09-03 07:30:00	2023-09-03 17:30:00
U0087	2023-09-05 22:51:42	2023-09-02 20:00:00	2023-09-03 22:00:00
U0199	2023-09-05 23:15:37	2023-09-05 06:30:00	2023-09-05 12:00:00
U0124	2023-09-05 23:51:00	2023-09-03 23:00:00	2023-09-04 16:30:00
U0270	2023-09-05 23:59:44	2023-09-02 00:30:00	2023-09-04 08:00:00
U0290	2023-09-06 00:15:30	2023-09-01 16:30:00	2023-09-02 06:00:00
U0133	2023-09-06 00:39:15	2023-09-01 07:30:00	2023-09-01 16:00:00
U0093	2023-09-06 00:41:53	2023-09-04 11:00:00	2023-09-04 12:30:00
U0140	2023-09-06 01:11:04	2023-09-01 02:30:00	2023-09-05 15:00:00
U0129	2023-09-06 01:47:17	2023-09-01 14:30:00	2023-09-01 17:00:00
U0081	2023-09-06 01:53:04	2023-09-03 23:30:00	2023-09-04 08:00:00
U0292	2023-09-06 01:56:08	2023-09-02 04:00:00	2023-09-02 07:30:00
U0249	2023-09-06 02:50:18	2023-09-01 10:30:00	2023-09-01 12:00:00
U0065	2023-09-06 03:06:07	2023-09-02 13:00:00	2023-09-02 22:30:00
U0126	2023-09-06 03:11:04	2023-09-01 17:30:00	2023-09-03 08:30:00
U0145	2023-09-06 03:25:22	2023-09-01 23:00:00	2023-09-02 01:00:00
U0110	2023-09-06 03:31:28	2023-09-05 04:30:00	2023-09-05 21:30:00
U0278	2023-09-06 03:48:56	2023-09-01 03:30:00	2023-09-01 12:30:00
U0029	2023-09-06 04:40:28	2023-09-05 06:00:00	2023-09-05 16:30:00
U0181	2023-09-06 04:55:55	2023-09-02 09:00:00	2023-09-05 03:30:00
U0148	2023-09-06 05:21:20	2023-09-02 03:00:00	2023-09-03 09:30:00
U0174	2023-09-06 05:24:21	2023-09-01 01:00:00	2023-09-03 08:00:00
U0256	2023-09-06 05:37:40	2023-09-04 03:00:00	2023-09-04 08:00:00
U0106	2023-09-06 05:47:34	2023-09-02 20:00:00	2023-09-03 20:00:00
U0183	2023-09-06 06:14:57	2023-09-02 18:00:00	2023-09-04 04:30:00
U0292	2023-09-06 06:16:00	2023-09-01 03:30:00	2023-09-03 22:30:00
U0047	2023-09-06 06:31:39	2023-09-04 13:30:00	2023-09-05 00:30:00
U0073	2023-09-06 06:32:39	2023-09-01 06:30:00	2023-09-03 05:00:00
U0046	2023-09-06 06:56:34	2023-09-02 00:00:00	2023-09-03 04:30:00
U0138	2023-09-06 07:13:31	2023-09-03 02:00:00	2023-09-05 00:30:00
U0026	2023-09-06 07:18:19	2023-09-01 09:30:00	2023-09-03 20:00:00
U0259	2023-09-06 07:25:28	2023-09-03 16:30:00	2023-09-05 09:30:00
U0103	2023-09-06 08:29:08	2023-09-01 01:00:00	2023-09-01 18:00:00
U0167	2023-09-06 08:31:19	2023-09-02 08:30:00	2023-09-05 03:00:00
U0287	2023-09-06 08:38:07	2023-09-02 15:00:00	2023-09-02 15:30:00
U0086	2023-09-06 08:45:03	2023-09-04 12:30:00	2023-09-04 16:00:00
U0038	2023-09-06 08:58:32	2023-09-01 01:00:00	2023-09-01 12:00:00
U0036	2023-09-06 09:12:48	2023-09-01 04:00:00	2023-09-01 15:00:00
U0114	2023-09-06 09:20:50	2023-09-01 19:00:00	2023-09-02 14:30:00
U0239	2023-09-06 09:33:59	2023-09-01 11:00:00	2023-09-03 01:30:00
U0075	2023-09-06 10:34:53	2023-09-01 19:30:00	2023-09-02 08:30:00
U0262	2023-09-06 10:44:02	2023-09-01 22:00:00	2023-09-05 15:30:00
U0008	2023-09-06 11:18:00	2023-09-01 02:30:00	2023-09-01 21:30:00
U0093	2023-09-06 11:26:17	2023-09-01 10:30:00	2023-09-02 03:30:00
U0020	2023-09-06 11:36:07	2023-09-04 03:00:00	2023-09-04 06:00:00
U0253	2023-09-06 12:16:33	2023-09-03 04:30:00	2023-09-03 06:00:00
U0282	2023-09-06 12:25:48	2023-09-01 11:00:00	2023-09-01 23:30:00
U0237	2023-09-06 12:38:52	2023-09-01 03:00:00	2023-09-03 03:30:00
U0165	2023-09-06 12:43:00	2023-09-05 05:00:00	2023-09-05 12:00:00
U0120	2023-09-06 13:49:43	2023-09-03 20:30:00	2023-09-06 02:30:00
U0022	2023-09-06 14:10:36	2023-09-04 09:30:00	2023-09-05 18:00:00
U0097	2023-09-06 15:00:48	2023-09-02 00:30:00	2023-09-04 17:30:00
U0054	2023-09-06 15:15:26	2023-09-01 13:00:00	2023-09-06 04:30:00
U0005	2023-09-06 15:36:13	2023-09-02 08:00:00	2023-09-06 14:30:00
U0124	2023-09-06 15:53:16	2023-09-03 14:00:00	2023-09-05 21:00:00
U0104	2023-09-06 16:07:19	2023-09-01 06:30:00	2023-09-01 13:00:00
U0204	2023-09-06 16:56:18	2023-09-01 04:00:00	2023-09-02 15:30:00
U0259	2023-09-06 17:01:57	2023-09-02 01:00:00	2023-09-06 12:00:00
U0226	2023-09-06 17:42:21	2023-09-01 01:00:00	2023-09-02 11:30:00
U0300	2023-09-06 18:30:50	2023-09-01 05:30:00	2023-09-02 18:00:00
U0257	2023-09-06 18:34:41	2023-09-01 14:30:00	2023-09-03 01:30:00
U0154	2023-09-06 19:54:39	2023-09-01 05:30:00	2023-09-01 06:00:00
U0018	2023-09-06 20:01:41	2023-09-01 10:30:00	2023-09-02 02:30:00
U0068	2023-09-06 20:09:51	2023-09-01 12:30:00	2023-09-02 23:00:00
U0095	2023-09-06 20:21:34	2023-09-06 04:30:00	2023-09-06 14:30:00
U0105	2023-09-06 20:30:16	2023-09-01 20:00:00	2023-09-05 20:30:00
U0072	2023-09-06 20:44:34	2023-09-01 10:30:00	2023-09-03 02:30:00
U0292	2023-09-06 21:12:53	2023-09-01 04:30:00	2023-09-01 06:00:00
U0240	2023-09-06 21:18:51	2023-09-01 18:30:00	2023-09-04 00:30:00
U0034	2023-09-06 21:28:40	2023-09-02 20:00:00	2023-09-03 11:00:00
U0013	2023-09-06 21:52:47	2023-09-04 14:00:00	2023-09-05 21:30:00
U0092	2023-09-06 22:20:57	2023-09-01 03:00:00	2023-09-02 14:30:00
U0290	2023-09-06 22:38:30	2023-09-02 22:00:00	2023-09-04 05:30:00
U0004	2023-09-06 23:14:50	2023-09-01 11:30:00	2023-09-01 13:00:00
U0038	2023-09-06 23:21:29	2023-09-06 10:30:00	2023-09-06 12:00:00
U0046	2023-09-07 00:07:06	2023-09-03 07:30:00	2023-09-05 07:00:00
U0239	2023-09-07 00:20:58	2023-09-01 13:00:00	2023-09-05 16:00:00
U0232	2023-09-07 01:24:28	2023-09-02 04:00:00	2023-09-02 07:00:00
U0078	2023-09-07 01:28:53	2023-09-01 05:00:00	2023-09-01 15:00:00
U0134	2023-09-07 01:29:07	2023-09-02 22:30:00	2023-09-04 08:30:00
U0078	2023-09-07 01:33:57	2023-09-04 21:30:00	2023-09-05 21:00:00
U0268	2023-09-07 01:37:24	2023-09-03 13:30:00	2023-09-04 15:30:00
U0217	2023-09-07 01:46:39	2023-09-03 12:30:00	2023-09-04 01:30:00
U0228	2023-09-07 02:16:48	2023-09-02 15:00:00	2023-09-06 07:00:00
U0289	2023-09-07 02:39:55	2023-09-04 11:30:00	2023-09-05 03:00:00
U0176	2023-09-07 02:44:40	2023-09-01 03:30:00	2023-09-06 12:30:00
U0165	2023-09-07 02:51:55	2023-09-04 21:30:00	2023-09-05 03:00:00
U0192	2023-09-07 02:58:48	2023-09-01 06:30:00	2023-09-01 11:30:00
U0060	2023-09-07 03:02:46	2023-09-03 06:00:00	2023-09-03 11:00:00
U0099	2023-09-07 03:15:16	2023-09-03 19:00:00	2023-09-04 01:00:00
U0108	2023-09-07 03:29:52	2023-09-04 18:30:00	2023-09-06 02:00:00
U0151	2023-09-07 03:53:01	2023-09-01 08:30:00	2023-09-03 15:00:00
U0264	2023-09-07 04:20:41	2023-09-01 09:30:00	2023-09-02 12:00:00
U0081	2023-09-07 04:58:38	2023-09-01 10:00:00	2023-09-01 10:30:00
U0256	2023-09-07 05:17:54	2023-09-01 06:00:00	2023-09-01 22:00:00
U0028	2023-09-07 05:41:38	2023-09-03 07:30:00	2023-09-04 23:00:00
U0041	2023-09-07 05:57:00	2023-09-01 03:30:00	2023-09-01 06:30:00
U0244	2023-09-07 06:21:46	2023-09-01 12:00:00	2023-09-02 09:00:00
U0285	2023-09-07 06:40:21	2023-09-01 14:00:00	2023-09-03 16:30:00
U0278	2023-09-07 07:05:50	2023-09-02 20:30:00	2023-09-05 19:30:00
U0196	2023-09-07 07:47:15	2023-09-01 18:00:00	2023-09-02 02:30:00
U0218	2023-09-07 07:54:55	2023-09-04 05:30:00	2023-09-04 11:00:00
U0133	2023-09-07 07:58:29	2023-09-01 08:30:00	2023-09-01 15:30:00
U0011	2023-09-07 09:08:20	2023-09-02 05:30:00	2023-09-05 00:30:00
U0188	2023-09-07 09:19:04	2023-09-01 13:30:00	2023-09-02 06:00:00
U0096	2023-09-07 09:22:54	2023-09-05 03:00:00	2023-09-07 03:00:00
U0015	2023-09-07 09:59:05	2023-09-01 16:30:00	2023-09-03 01:30:00
U0227	2023-09-07 10:08:46	2023-09-02 23:00:00	2023-09-05 04:30:00
U0079	2023-09-07 10:32:23	2023-09-01 05:00:00	2023-09-01 09:30:00
U0055	2023-09-07 10:32:58	2023-09-05 10:00:00	2023-09-07 00:30:00
U0102	2023-09-07 10:56:18	2023-09-02 18:30:00	2023-09-06 11:00:00
U0114	2023-09-07 11:04:40	2023-09-01 20:00:00	2023-09-02 00:30:00
U0038	2023-09-07 11:17:56	2023-09-01 08:00:00	2023-09-07 02:30:00
U0039	2023-09-07 11:23:59	2023-09-01 03:30:00	2023-09-05 03:30:00
U0137	2023-09-07 11:33:58	2023-09-02 11:30:00	2023-09-03 19:00:00
U0089	2023-09-07 11:36:05	2023-09-04 00:00:00	2023-09-06 16:00:00
U0127	2023-09-07 12:01:22	2023-09-01 10:30:00	2023-09-05 04:30:00
U0131	2023-09-07 12:16:33	2023-09-02 11:30:00	2023-09-02 19:00:00
U0115	2023-09-07 12:17:56	2023-09-02 11:30:00	2023-09-03 13:30:00
U0141	2023-09-07 12:19:50	2023-09-04 01:00:00	2023-09-04 02:00:00
U0258	2023-09-07 12:44:27	2023-09-02 18:00:00	2023-09-03 23:00:00
U0050	2023-09-07 13:04:45	2023-09-03 16:00:00	2023-09-05 07:00:00
U0215	2023-09-07 13:12:59	2023-09-02 07:00:00	2023-09-02 21:00:00
U0055	2023-09-07 13:54:19	2023-09-01 19:00:00	2023-09-02 03:00:00
U0070	2023-09-07 14:07:01	2023-09-02 14:00:00	2023-09-03 01:00:00
U0068	2023-09-07 14:10:18	2023-09-02 12:00:00	2023-09-07 12:30:00
U0082	2023-09-07 14:20:57	2023-09-02 08:30:00	2023-09-07 02:30:00
U0264	2023-09-07 14:25:05	2023-09-03 03:00:00	2023-09-05 04:30:00
U0273	2023-09-07 15:49:58	2023-09-02 17:00:00	2023-09-03 13:00:00
U0272	2023-09-07 15:55:59	2023-09-01 06:00:00	2023-09-01 08:00:00
U0048	2023-09-07 15:59:09	2023-09-01 01:00:00	2023-09-01 03:30:00
U0075	2023-09-07 16:21:06	2023-09-04 09:30:00	2023-09-04 15:00:00
U0116	2023-09-07 16:25:56	2023-09-01 02:00:00	2023-09-02 00:30:00
U0020	2023-09-07 16:56:50	2023-09-02 04:00:00	2023-09-03 02:30:00
U0144	2023-09-07 17:15:04	2023-09-02 13:00:00	2023-09-04 07:30:00
U0242	2023-09-07 17:38:40	2023-09-01 21:30:00	2023-09-02 05:00:00
U0182	2023-09-07 17:41:11	2023-09-04 21:30:00	2023-09-07 01:00:00
U0048	2023-09-07 17:54:58	2023-09-04 01:30:00	2023-09-07 01:30:00
U0228	2023-09-07 17:56:56	2023-09-03 05:00:00	2023-09-04 12:00:00
U0173	2023-09-07 18:08:15	2023-09-03 01:00:00	2023-09-03 23:00:00
U0287	2023-09-07 18:14:30	2023-09-04 12:00:00	2023-09-06 21:30:00
U0045	2023-09-07 18:28:32	2023-09-01 07:30:00	2023-09-05 08:00:00
U0241	2023-09-07 18:49:54	2023-09-01 17:00:00	2023-09-04 08:30:00
U0158	2023-09-07 19:16:49	2023-09-01 02:30:00	2023-09-01 23:30:00
U0287	2023-09-07 19:46:47	2023-09-05 23:30:00	2023-09-06 14:00:00
U0140	2023-09-07 20:08:57	2023-09-01 20:30:00	2023-09-02 04:30:00
U0183	2023-09-07 20:37:20	2023-09-02 22:30:00	2023-09-05 14:30:00
U0039	2023-09-07 20:39:13	2023-09-01 08:00:00	2023-09-02 02:30:00
U0211	2023-09-07 21:03:32	2023-09-02 01:00:00	2023-09-04 19:30:00
U0252	2023-09-07 21:14:40	2023-09-02 22:00:00	2023-09-04 07:00:00
U0156	2023-09-07 21:17:35	2023-09-01 02:30:00	2023-09-06 19:30:00
U0235	2023-09-07 21:40:51	2023-09-02 02:30:00	2023-09-04 16:00:00
U0221	2023-09-07 21:48:28	2023-09-02 02:00:00	2023-09-06 22:30:00
U0023	2023-09-07 22:34:49	2023-09-05 14:00:00	2023-09-07 19:30:00
U0265	2023-09-07 23:04:38	2023-09-02 07:30:00	2023-09-03 10:30:00
U0268	2023-09-07 23:48:19	2023-09-01 21:30:00	2023-09-02 10:00:00
U0093	2023-09-07 23:49:14	2023-09-03 08:30:00	2023-09-07 19:00:00
U0098	2023-09-08 00:14:46	2023-09-01 15:00:00	2023-09-04 00:30:00
U0065	2023-09-08 00:19:22	2023-09-01 11:00:00	2023-09-01 22:00:00
U0250	2023-09-08 00:22:39	2023-09-02 12:30:00	2023-09-04 18:00:00
U0017	2023-09-08 00:41:01	2023-09-03 04:00:00	2023-09-05 05:00:00
U0132	2023-09-08 01:13:15	2023-09-03 12:00:00	2023-09-04 02:30:00
U0007	2023-09-08 01:25:25	2023-09-01 04:00:00	2023-09-01 19:30:00
U0054	2023-09-08 01:33:15	2023-09-01 03:30:00	2023-09-04 23:30:00
U0275	2023-09-08 01:33:37	2023-09-04 15:00:00	2023-09-04 16:30:00
U0164	2023-09-08 01:41:45	2023-09-02 18:30:00	2023-09-03 08:00:00
U0286	2023-09-08 02:07:13	2023-09-01 15:30:00	2023-09-05 21:00:00
U0078	2023-09-08 02:08:55	2023-09-01 16:00:00	2023-09-03 16:30:00
U0133	2023-09-08 02:19:29	2023-09-02 18:30:00	2023-09-03 08:30:00
U0246	2023-09-08 02:20:28	2023-09-01 03:00:00	2023-09-01 20:30:00
U0182	2023-09-08 02:22:44	2023-09-02 00:00:00	2023-09-03 05:30:00
U0075	2023-09-08 02:29:12	2023-09-01 19:30:00	2023-09-02 23:30:00
U0264	2023-09-08 02:47:45	2023-09-01 22:00:00	2023-09-04 20:00:00
U0159	2023-09-08 02:48:05	2023-09-04 17:30:00	2023-09-05 12:00:00
U0182	2023-09-08 03:08:35	2023-09-01 06:30:00	2023-09-01 07:30:00
U0107	2023-09-08 03:36:49	2023-09-03 16:00:00	2023-09-04 18:00:00
U0268	2023-09-08 03:40:43	2023-09-01 08:00:00	2023-09-02 15:00:00
U0019	2023-09-08 04:31:50	2023-09-02 02:30:00	2023-09-04 04:00:00
U0044	2023-09-08 04:37:25	2023-09-02 09:00:00	2023-09-02 11:30:00
U0010	2023-09-08 04:49:15	2023-09-06 12:30:00	2023-09-07 07:00:00
U0220	2023-09-08 05:00:39	2023-09-01 23:30:00	2023-09-05 21:30:00
U0011	2023-09-08 05:11:23	2023-09-01 05:30:00	2023-09-02 10:30:00
U0120	2023-09-08 05:45:53	2023-09-01 15:00:00	2023-09-02 00:30:00
U0110	2023-09-08 06:03:27	2023-09-01 13:30:00	2023-09-06 18:00:00
U0215	2023-09-08 06:10:34	2023-09-04 07:30:00	2023-09-06 17:00:00
U0254	2023-09-08 06:22:56	2023-09-02 08:00:00	2023-09-02 15:00:00
U0189	2023-09-08 06:34:53	2023-09-02 07:00:00	2023-09-07 18:00:00
U0165	2023-09-08 06:56:45	2023-09-01 03:30:00	2023-09-01 08:30:00
U0124	2023-09-08 06:57:01	2023-09-01 09:30:00	2023-09-06 21:30:00
U0120	2023-09-08 07:19:21	2023-09-01 08:00:00	2023-09-02 17:00:00
U0158	2023-09-08 07:52:36	2023-09-02 10:30:00	2023-09-05 01:00:00
U0033	2023-09-08 08:02:26	2023-09-03 05:00:00	2023-09-05 06:00:00
U0198	2023-09-08 08:49:45	2023-09-01 07:30:00	2023-09-03 10:00:00
U0066	2023-09-08 08:57:39	2023-09-01 16:00:00	2023-09-01 22:30:00
U0209	2023-09-08 09:10:48	2023-09-02 14:00:00	2023-09-05 01:30:00
U0100	2023-09-08 09:19:24	2023-09-05 08:30:00	2023-09-05 14:00:00
U0174	2023-09-08 09:26:32	2023-09-02 17:30:00	2023-09-07 07:30:00
U0239	2023-09-08 09:39:25	2023-09-01 05:30:00	2023-09-05 01:00:00
U0090	2023-09-08 10:11:14	2023-09-03 14:30:00	2023-09-06 20:30:00
U0003	2023-09-08 10:23:48	2023-09-01 04:30:00	2023-09-02 01:00:00
U0120	2023-09-08 10:27:54	2023-09-02 11:00:00	2023-09-05 01:30:00
U0216	2023-09-08 10:48:09	2023-09-01 19:00:00	2023-09-02 03:30:00
U0035	2023-09-08 10:54:43	2023-09-02 06:00:00	2023-09-06 19:00:00
U0057	2023-09-08 11:07:04	2023-09-03 18:00:00	2023-09-04 11:00:00
U0211	2023-09-08 11:26:29	2023-09-05 02:30:00	2023-09-06 14:30:00
U0012	2023-09-08 11:50:01	2023-09-04 05:30:00	2023-09-06 11:00:00
U0085	2023-09-08 11:50:58	2023-09-03 05:00:00	2023-09-04 20:30:00
U0109	2023-09-08 12:10:50	2023-09-04 03:30:00	2023-09-04 07:30:00
U0124	2023-09-08 12:22:15	2023-09-05 06:30:00	2023-09-06 09:30:00
U0219	2023-09-08 12:23:15	2023-09-03 20:00:00	2023-09-06 08:00:00
U0011	2023-09-08 12:40:53	2023-09-04 10:30:00	2023-09-05 12:00:00
U0182	2023-09-08 12:54:27	2023-09-01 12:00:00	2023-09-06 19:30:00
U0022	2023-09-08 13:03:37	2023-09-01 07:30:00	2023-09-02 04:00:00
U0225	2023-09-08 13:14:26	2023-09-03 16:00:00	2023-09-04 10:00:00
U0274	2023-09-08 13:20:19	2023-09-01 07:00:00	2023-09-02 10:00:00
U0025	2023-09-08 13:26:28	2023-09-02 20:00:00	2023-09-04 13:30:00
U0081	2023-09-08 13:38:23	2023-09-01 18:00:00	2023-09-03 07:00:00
U0111	2023-09-08 14:08:47	2023-09-06 11:00:00	2023-09-07 03:30:00
U0035	2023-09-08 14:10:48	2023-09-02 09:00:00	2023-09-02 20:00:00
U0136	2023-09-08 14:31:42	2023-09-01 04:00:00	2023-09-06 06:30:00
U0086	2023-09-08 14:43:56	2023-09-01 10:00:00	2023-09-01 12:30:00
U0252	2023-09-08 15:05:41	2023-09-01 12:30:00	2023-09-06 10:00:00
U0247	2023-09-08 15:05:45	2023-09-01 21:30:00	2023-09-03 09:00:00
U0284	2023-09-08 15:08:07	2023-09-01 22:00:00	2023-09-04 09:30:00
U0173	2023-09-08 15:15:38	2023-09-01 14:30:00	2023-09-02 14:00:00
U0027	2023-09-08 15:42:28	2023-09-01 20:00:00	2023-09-03 20:30:00
U0009	2023-09-08 15:44:05	2023-09-02 04:30:00	2023-09-06 01:00:00
U0077	2023-09-08 15:49:04	2023-09-05 11:00:00	2023-09-05 18:00:00
U0087	2023-09-08 15:51:46	2023-09-01 08:00:00	2023-09-01 14:00:00
U0033	2023-09-08 16:01:13	2023-09-01 18:30:00	2023-09-07 11:30:00
U0300	2023-09-08 16:14:31	2023-09-02 12:30:00	2023-09-06 23:30:00
U0235	2023-09-08 16:22:50	2023-09-02 21:30:00	2023-09-04 03:30:00
U0097	2023-09-08 16:23:57	2023-09-02 05:00:00	2023-09-04 20:00:00
U0244	2023-09-08 16:24:31	2023-09-03 11:00:00	2023-09-05 05:30:00
U0202	2023-09-08 16:49:08	2023-09-04 04:30:00	2023-09-04 16:00:00
U0054	2023-09-08 17:04:06	2023-09-03 22:00:00	2023-09-07 03:00:00
U0257	2023-09-08 17:09:33	2023-09-01 13:30:00	2023-09-02 17:30:00
U0066	2023-09-08 17:26:16	2023-09-03 00:00:00	2023-09-03 16:00:00
U0141	2023-09-08 17:31:44	2023-09-03 09:00:00	2023-09-04 02:00:00
U0271	2023-09-08 17:32:35	2023-09-01 03:00:00	2023-09-04 20:30:00
U0175	2023-09-08 18:32:52	2023-09-03 11:30:00	2023-09-07 02:00:00
U0103	2023-09-08 18:53:20	2023-09-02 23:00:00	2023-09-03 12:00:00
U0052	2023-09-08 19:20:28	2023-09-02 01:30:00	2023-09-03 13:00:00
U0084	2023-09-08 19:33:02	2023-09-01 20:00:00	2023-09-06 03:00:00
U0068	2023-09-08 19:37:43	2023-09-01 09:00:00	2023-09-01 14:00:00
U0076	2023-09-08 19:46:22	2023-09-01 01:30:00	2023-09-01 03:30:00
U0049	2023-09-08 20:08:46	2023-09-02 02:30:00	2023-09-07 05:00:00
U0071	2023-09-08 20:41:33	2023-09-01 03:30:00	2023-09-03 05:30:00
U0055	2023-09-08 21:17:28	2023-09-02 10:30:00	2023-09-02 17:30:00
U0174	2023-09-08 21:37:43	2023-09-01 23:30:00	2023-09-02 06:00:00
U0152	2023-09-08 21:53:34	2023-09-01 19:00:00	2023-09-02 22:30:00
U0047	2023-09-08 22:00:42	2023-09-01 11:30:00	2023-09-04 13:30:00
U0111	2023-09-08 22:09:43	2023-09-04 03:30:00	2023-09-06 07:00:00
U0120	2023-09-08 22:21:32	2023-09-01 01:30:00	2023-09-02 05:00:00
U0018	2023-09-08 22:24:01	2023-09-01 19:30:00	2023-09-02 05:00:00
U0084	2023-09-08 22:25:48	2023-09-02 15:00:00	2023-09-04 20:30:00
U0201	2023-09-08 22:34:21	2023-09-01 04:30:00	2023-09-05 05:00:00
U0021	2023-09-08 22:44:53	2023-09-02 18:30:00	2023-09-02 19:30:00
U0153	2023-09-08 22:52:44	2023-09-01 04:00:00	2023-09-03 05:30:00
U0215	2023-09-08 22:57:56	2023-09-01 01:30:00	2023-09-01 04:30:00
U0167	2023-09-08 23:18:59	2023-09-03 20:00:00	2023-09-04 16:00:00
U0108	2023-09-08 23:37:13	2023-09-03 21:00:00	2023-09-03 22:00:00
U0059	2023-09-09 00:19:43	2023-09-02 18:30:00	2023-09-04 05:00:00
U0125	2023-09-09 00:40:33	2023-09-01 03:00:00	2023-09-01 04:30:00
U0272	2023-09-09 00:44:03	2023-09-03 03:00:00	2023-09-05 11:00:00
U0044	2023-09-09 01:05:52	2023-09-01 12:00:00	2023-09-03 15:00:00
U0156	2023-09-09 01:24:26	2023-09-02 03:00:00	2023-09-02 14:00:00
U0012	2023-09-09 01:30:02	2023-09-01 10:30:00	2023-09-03 09:00:00
U0222	2023-09-09 01:37:54	2023-09-01 05:30:00	2023-09-04 23:00:00
U0244	2023-09-09 01:43:09	2023-09-02 13:30:00	2023-09-07 10:30:00
U0252	2023-09-09 02:02:11	2023-09-02 03:30:00	2023-09-02 17:30:00
U0019	2023-09-09 02:09:10	2023-09-04 13:00:00	2023-09-06 18:30:00
U0291	2023-09-09 02:41:25	2023-09-02 18:00:00	2023-09-03 15:30:00
U0201	2023-09-09 03:24:46	2023-09-02 16:30:00	2023-09-04 08:30:00
U0181	2023-09-09 03:50:46	2023-09-03 10:30:00	2023-09-04 05:30:00
U0119	2023-09-09 03:53:56	2023-09-03 11:00:00	2023-09-04 18:30:00
U0207	2023-09-09 03:54:45	2023-09-04 18:00:00	2023-09-05 21:30:00
U0103	2023-09-09 03:59:33	2023-09-03 05:00:00	2023-09-06 03:30:00
U0132	2023-09-09 04:01:40	2023-09-01 02:00:00	2023-09-02 02:00:00
U0070	2023-09-09 04:22:10	2023-09-01 20:30:00	2023-09-03 00:30:00
U0135	2023-09-09 04:23:41	2023-09-01 02:00:00	2023-09-01 07:00:00
U0108	2023-09-09 04:24:28	2023-09-02 08:30:00	2023-09-05 03:30:00
U0029	2023-09-09 04:37:43	2023-09-03 09:00:00	2023-09-07 14:30:00
U0120	2023-09-09 04:46:56	2023-09-01 12:00:00	2023-09-02 16:00:00
U0286	2023-09-09 05:17:35	2023-09-01 12:00:00	2023-09-04 17:30:00
U0085	2023-09-09 05:25:00	2023-09-02 12:30:00	2023-09-03 14:00:00
U0192	2023-09-09 05:57:24	2023-09-06 01:00:00	2023-09-06 04:00:00
U0045	2023-09-09 06:15:40	2023-09-01 07:30:00	2023-09-02 08:30:00
U0062	2023-09-09 06:54:04	2023-09-02 08:00:00	2023-09-02 20:00:00
U0095	2023-09-09 06:59:03	2023-09-01 06:30:00	2023-09-01 07:30:00
U0290	2023-09-09 07:08:44	2023-09-02 07:30:00	2023-09-02 18:00:00
U0154	2023-09-09 07:17:38	2023-09-01 02:00:00	2023-09-03 06:00:00
U0233	2023-09-09 07:23:30	2023-09-01 08:00:00	2023-09-01 20:30:00
U0025	2023-09-09 07:43:07	2023-09-01 04:30:00	2023-09-01 05:30:00
U0291	2023-09-09 07:45:23	2023-09-01 01:00:00	2023-09-02 03:30:00
U0228	2023-09-09 08:26:58	2023-09-01 05:00:00	2023-09-01 08:00:00
U0224	2023-09-09 08:29:12	2023-09-04 23:00:00	2023-09-07 07:30:00
U0234	2023-09-09 08:32:44	2023-09-04 07:00:00	2023-09-04 20:00:00
U0166	2023-09-09 09:10:06	2023-09-02 00:00:00	2023-09-03 19:30:00
U0191	2023-09-09 10:04:14	2023-09-01 11:00:00	2023-09-01 15:30:00
U0238	2023-09-09 10:10:35	2023-09-01 07:30:00	2023-09-02 17:30:00
U0125	2023-09-09 10:28:51	2023-09-04 09:00:00	2023-09-07 06:30:00
U0046	2023-09-09 10:31:39	2023-09-05 09:00:00	2023-09-07 12:30:00
U0101	2023-09-09 10:48:30	2023-09-04 10:30:00	2023-09-07 02:00:00
U0043	2023-09-09 10:59:21	2023-09-04 05:30:00	2023-09-05 11:00:00
U0294	2023-09-09 11:12:53	2023-09-03 14:00:00	2023-09-03 19:00:00
U0043	2023-09-09 11:21:15	2023-09-05 10:00:00	2023-09-06 14:00:00
U0183	2023-09-09 11:48:43	2023-09-01 20:00:00	2023-09-01 21:30:00
U0048	2023-09-09 11:56:44	2023-09-04 03:00:00	2023-09-05 18:00:00
U0025	2023-09-09 12:56:04	2023-09-01 02:30:00	2023-09-05 19:30:00
U0007	2023-09-09 13:02:17	2023-09-01 04:00:00	2023-09-01 09:00:00
U0217	2023-09-09 13:28:57	2023-09-01 03:00:00	2023-09-02 08:00:00
U0282	2023-09-09 13:34:16	2023-09-04 12:00:00	2023-09-07 22:30:00
U0234	2023-09-09 13:49:03	2023-09-03 06:00:00	2023-09-05 05:30:00
U0103	2023-09-09 13:54:11	2023-09-03 03:30:00	2023-09-04 16:00:00
U0105	2023-09-09 14:09:33	2023-09-02 04:30:00	2023-09-02 15:30:00
U0294	2023-09-09 14:18:21	2023-09-01 02:00:00	2023-09-01 22:00:00
U0248	2023-09-09 14:26:23	2023-09-02 13:00:00	2023-09-04 06:30:00
U0208	2023-09-09 14:37:02	2023-09-05 11:30:00	2023-09-06 15:30:00
U0252	2023-09-09 15:04:10	2023-09-03 20:00:00	2023-09-05 18:30:00
U0081	2023-09-09 15:20:54	2023-09-01 09:00:00	2023-09-01 19:00:00
U0162	2023-09-09 15:22:10	2023-09-01 19:00:00	2023-09-02 04:00:00
U0140	2023-09-09 15:25:28	2023-09-02 15:30:00	2023-09-04 18:30:00
U0047	2023-09-09 15:35:00	2023-09-01 06:00:00	2023-09-01 19:00:00
U0150	2023-09-09 16:03:10	2023-09-05 18:30:00	2023-09-05 23:00:00
U0152	2023-09-09 16:04:34	2023-09-02 02:00:00	2023-09-04 13:00:00
U0057	2023-09-09 16:13:40	2023-09-04 12:30:00	2023-09-07 14:00:00
U0201	2023-09-09 16:28:02	2023-09-04 03:00:00	2023-09-04 04:30:00
U0162	2023-09-09 17:07:40	2023-09-06 08:30:00	2023-09-07 03:30:00
U0082	2023-09-09 17:13:22	2023-09-04 10:00:00	2023-09-06 13:30:00
U0050	2023-09-09 17:24:42	2023-09-03 07:30:00	2023-09-05 23:30:00
U0216	2023-09-09 17:25:42	2023-09-01 14:00:00	2023-09-01 14:30:00
U0029	2023-09-09 17:52:12	2023-09-03 20:00:00	2023-09-05 21:30:00
U0078	2023-09-09 18:11:10	2023-09-01 23:30:00	2023-09-02 09:30:00
U0275	2023-09-09 18:15:37	2023-09-03 04:00:00	2023-09-07 16:30:00
U0125	2023-09-09 18:58:07	2023-09-01 20:30:00	2023-09-04 12:00:00
U0167	2023-09-09 18:58:23	2023-09-02 20:00:00	2023-09-06 05:30:00
U0161	2023-09-09 19:01:01	2023-09-02 01:00:00	2023-09-03 06:00:00
U0274	2023-09-09 19:02:41	2023-09-01 10:00:00	2023-09-03 13:00:00
U0188	2023-09-09 19:04:54	2023-09-01 06:00:00	2023-09-02 04:30:00
U0013	2023-09-09 19:09:07	2023-09-02 15:30:00	2023-09-03 07:30:00
U0276	2023-09-09 19:20:18	2023-09-06 07:30:00	2023-09-07 10:30:00
U0264	2023-09-09 19:23:52	2023-09-03 23:00:00	2023-09-06 15:30:00
U0223	2023-09-09 22:19:49	2023-09-01 08:00:00	2023-09-04 05:00:00
U0141	2023-09-09 22:40:08	2023-09-04 05:00:00	2023-09-04 20:00:00
U0034	2023-09-09 22:47:31	2023-09-01 09:00:00	2023-09-06 04:30:00
U0001	2023-09-09 22:53:57	2023-09-01 16:00:00	2023-09-01 22:00:00
U0245	2023-09-09 23:12:33	2023-09-01 23:30:00	2023-09-02 00:30:00
U0280	2023-09-09 23:16:52	2023-09-01 03:00:00	2023-09-03 06:30:00
U0174	2023-09-09 23:21:19	2023-09-02 01:30:00	2023-09-05 08:30:00
U0266	2023-09-09 23:31:42	2023-09-02 01:30:00	2023-09-05 09:30:00
U0137	2023-09-09 23:35:15	2023-09-01 12:30:00	2023-09-06 17:00:00
U0086	2023-09-09 23:44:47	2023-09-01 02:30:00	2023-09-01 03:30:00
U0037	2023-09-10 00:08:12	2023-09-05 14:00:00	2023-09-06 14:00:00
U0087	2023-09-10 00:43:00	2023-09-02 13:30:00	2023-09-04 13:00:00
U0177	2023-09-10 00:50:10	2023-09-01 21:30:00	2023-09-04 04:00:00
U0026	2023-09-10 01:01:39	2023-09-03 01:00:00	2023-09-04 09:30:00
U0284	2023-09-10 01:03:07	2023-09-02 02:00:00	2023-09-02 22:00:00
U0068	2023-09-10 01:03:18	2023-09-04 12:30:00	2023-09-06 20:00:00
U0167	2023-09-10 01:41:21	2023-09-01 08:00:00	2023-09-01 13:00:00
U0246	2023-09-10 02:04:16	2023-09-01 03:00:00	2023-09-02 01:00:00
U0014	2023-09-10 03:06:05	2023-09-02 22:00:00	2023-09-04 21:00:00
U0129	2023-09-10 03:16:04	2023-09-02 21:00:00	2023-09-05 12:30:00
U0293	2023-09-10 03:31:11	2023-09-03 13:30:00	2023-09-04 04:30:00
U0149	2023-09-10 04:45:18	2023-09-01 06:30:00	2023-09-03 15:30:00
U0188	2023-09-10 05:13:51	2023-09-03 11:00:00	2023-09-05 12:00:00
U0210	2023-09-10 05:14:50	2023-09-01 02:00:00	2023-09-03 00:30:00
U0203	2023-09-10 05:29:55	2023-09-03 22:30:00	2023-09-05 17:30:00
U0215	2023-09-10 05:38:03	2023-09-02 12:00:00	2023-09-02 23:00:00
U0113	2023-09-10 05:47:44	2023-09-03 01:30:00	2023-09-05 09:30:00
U0240	2023-09-10 05:53:32	2023-09-06 09:30:00	2023-09-06 13:00:00
U0064	2023-09-10 06:27:02	2023-09-06 01:30:00	2023-09-07 18:30:00
U0044	2023-09-10 06:33:49	2023-09-02 10:30:00	2023-09-04 23:30:00
U0173	2023-09-10 07:00:10	2023-09-02 01:00:00	2023-09-02 15:30:00
U0267	2023-09-10 07:02:57	2023-09-06 14:30:00	2023-09-06 21:30:00
U0163	2023-09-10 07:06:37	2023-09-02 13:30:00	2023-09-05 17:00:00
U0073	2023-09-10 07:14:28	2023-09-03 07:00:00	2023-09-06 22:30:00
U0263	2023-09-10 07:57:22	2023-09-01 05:30:00	2023-09-01 10:00:00
U0025	2023-09-10 08:30:52	2023-09-02 07:00:00	2023-09-07 02:30:00
U0057	2023-09-10 08:38:01	2023-09-01 23:30:00	2023-09-06 17:00:00
U0118	2023-09-10 08:38:59	2023-09-02 17:00:00	2023-09-03 22:30:00
U0264	2023-09-10 10:23:40	2023-09-04 07:30:00	2023-09-06 14:00:00
U0181	2023-09-10 10:32:18	2023-09-02 05:00:00	2023-09-03 18:00:00
U0166	2023-09-10 10:38:19	2023-09-03 12:00:00	2023-09-05 11:30:00
U0056	2023-09-10 10:41:36	2023-09-01 10:00:00	2023-09-01 13:30:00
U0175	2023-09-10 10:46:55	2023-09-04 14:00:00	2023-09-04 17:00:00
U0170	2023-09-10 10:49:06	2023-09-01 20:00:00	2023-09-04 15:30:00
U0103	2023-09-10 11:00:38	2023-09-01 07:00:00	2023-09-05 18:00:00
U0075	2023-09-10 11:17:36	2023-09-01 04:30:00	2023-09-01 06:30:00
U0022	2023-09-10 11:20:36	2023-09-01 02:30:00	2023-09-01 04:30:00
U0108	2023-09-10 11:31:32	2023-09-03 11:00:00	2023-09-04 06:30:00
U0113	2023-09-10 11:38:04	2023-09-01 04:00:00	2023-09-01 14:00:00
U0221	2023-09-10 11:49:03	2023-09-01 03:00:00	2023-09-07 04:30:00
U0015	2023-09-10 12:01:44	2023-09-03 06:30:00	2023-09-03 17:00:00
U0124	2023-09-10 12:02:37	2023-09-02 04:30:00	2023-09-03 16:30:00
U0182	2023-09-10 12:07:41	2023-09-01 20:30:00	2023-09-06 08:30:00
U0159	2023-09-10 12:27:58	2023-09-02 11:30:00	2023-09-07 02:30:00
U0132	2023-09-10 12:41:24	2023-09-04 22:00:00	2023-09-07 10:00:00
U0202	2023-09-10 13:01:02	2023-09-01 07:00:00	2023-09-01 09:30:00
U0094	2023-09-10 13:09:15	2023-09-03 12:00:00	2023-09-06 23:00:00
U0169	2023-09-10 13:09:20	2023-09-01 06:30:00	2023-09-07 00:30:00
U0175	2023-09-10 13:10:51	2023-09-01 05:00:00	2023-09-01 08:00:00
U0139	2023-09-10 13:19:09	2023-09-03 15:30:00	2023-09-07 06:30:00
U0099	2023-09-10 13:31:50	2023-09-01 18:30:00	2023-09-05 02:00:00
U0270	2023-09-10 13:42:45	2023-09-02 20:00:00	2023-09-04 19:00:00
U0138	2023-09-10 13:57:06	2023-09-03 00:30:00	2023-09-05 03:30:00
U0002	2023-09-10 14:10:12	2023-09-01 03:30:00	2023-09-03 18:00:00
U0031	2023-09-10 14:24:39	2023-09-01 16:30:00	2023-09-04 10:00:00
U0146	2023-09-10 14:41:15	2023-09-01 03:30:00	2023-09-01 22:30:00
U0180	2023-09-10 15:24:47	2023-09-05 21:00:00	2023-09-07 01:30:00
U0135	2023-09-10 15:49:29	2023-09-02 02:00:00	2023-09-06 01:30:00
U0259	2023-09-10 15:50:33	2023-09-02 14:00:00	2023-09-03 03:00:00
U0040	2023-09-10 15:59:13	2023-09-03 16:30:00	2023-09-07 14:30:00
U0065	2023-09-10 16:15:13	2023-09-01 05:00:00	2023-09-02 14:00:00
U0076	2023-09-10 16:17:27	2023-09-02 20:00:00	2023-09-06 11:30:00
U0220	2023-09-10 16:29:40	2023-09-02 21:00:00	2023-09-04 18:30:00
U0289	2023-09-10 16:46:33	2023-09-02 07:30:00	2023-09-02 14:30:00
U0020	2023-09-10 16:50:24	2023-09-01 18:00:00	2023-09-04 18:00:00
U0091	2023-09-10 17:03:12	2023-09-02 22:00:00	2023-09-05 08:00:00
U0030	2023-09-10 17:06:37	2023-09-04 23:30:00	2023-09-05 09:00:00
U0298	2023-09-10 17:18:13	2023-09-01 21:00:00	2023-09-02 07:30:00
U0284	2023-09-10 17:20:13	2023-09-01 03:00:00	2023-09-01 23:30:00
U0040	2023-09-10 17:36:04	2023-09-01 11:30:00	2023-09-02 13:00:00
U0081	2023-09-10 17:42:34	2023-09-03 05:00:00	2023-09-03 18:00:00
U0262	2023-09-10 17:43:13	2023-09-01 02:00:00	2023-09-03 20:00:00
U0175	2023-09-10 18:05:37	2023-09-04 10:30:00	2023-09-07 10:30:00
U0131	2023-09-10 18:17:12	2023-09-01 01:00:00	2023-09-06 14:30:00
U0045	2023-09-10 19:05:30	2023-09-02 17:00:00	2023-09-04 21:30:00
U0091	2023-09-10 19:05:52	2023-09-01 04:00:00	2023-09-01 13:30:00
U0227	2023-09-10 19:36:53	2023-09-01 03:00:00	2023-09-01 18:00:00
U0022	2023-09-10 19:40:07	2023-09-02 06:30:00	2023-09-02 14:00:00
U0016	2023-09-10 19:59:52	2023-09-01 02:30:00	2023-09-01 04:00:00
U0261	2023-09-10 20:24:31	2023-09-01 08:00:00	2023-09-02 04:30:00
U0069	2023-09-10 20:32:55	2023-09-03 15:30:00	2023-09-05 22:00:00
U0247	2023-09-10 20:33:03	2023-09-01 06:00:00	2023-09-01 06:30:00
U0135	2023-09-10 21:01:12	2023-09-03 05:30:00	2023-09-04 01:30:00
U0215	2023-09-10 21:46:43	2023-09-02 13:00:00	2023-09-02 19:00:00
U0110	2023-09-10 21:50:53	2023-09-06 04:30:00	2023-09-07 10:00:00
U0213	2023-09-10 21:54:37	2023-09-02 07:30:00	2023-09-06 04:00:00
U0056	2023-09-10 22:39:24	2023-09-04 00:00:00	2023-09-04 09:30:00
U0275	2023-09-10 23:27:26	2023-09-01 16:30:00	2023-09-04 18:30:00
U0195	2023-09-10 23:27:45	2023-09-01 18:30:00	2023-09-03 11:30:00
U0278	2023-09-10 23:48:41	2023-09-01 01:30:00	2023-09-01 04:00:00
U0080	2023-09-11 00:00:06	2023-09-03 05:00:00	2023-09-06 14:00:00
U0254	2023-09-11 00:09:26	2023-09-04 17:30:00	2023-09-07 15:30:00
U0163	2023-09-11 00:26:35	2023-09-01 22:30:00	2023-09-01 23:30:00
U0153	2023-09-11 00:29:09	2023-09-01 01:30:00	2023-09-03 21:30:00
U0250	2023-09-11 00:29:17	2023-09-01 09:30:00	2023-09-05 19:30:00
U0287	2023-09-11 00:31:22	2023-09-07 19:00:00	2023-09-07 20:00:00
U0032	2023-09-11 01:25:46	2023-09-04 15:00:00	2023-09-05 18:00:00
U0250	2023-09-11 01:27:59	2023-09-01 20:30:00	2023-09-02 11:00:00
U0201	2023-09-11 01:46:50	2023-09-04 16:00:00	2023-09-07 05:00:00
U0206	2023-09-11 03:02:14	2023-09-03 17:30:00	2023-09-05 16:30:00
U0084	2023-09-11 03:23:43	2023-09-02 06:00:00	2023-09-04 15:30:00
U0165	2023-09-11 03:30:14	2023-09-02 16:00:00	2023-09-07 04:00:00
U0086	2023-09-11 03:49:56	2023-09-07 02:00:00	2023-09-07 07:00:00
U0075	2023-09-11 03:52:38	2023-09-04 04:00:00	2023-09-07 06:30:00
U0282	2023-09-11 04:16:28	2023-09-02 18:30:00	2023-09-03 14:30:00
U0172	2023-09-11 04:37:06	2023-09-02 00:30:00	2023-09-03 08:00:00
U0012	2023-09-11 04:50:07	2023-09-03 06:30:00	2023-09-05 02:00:00
U0018	2023-09-11 05:06:54	2023-09-02 02:00:00	2023-09-04 07:00:00
U0053	2023-09-11 05:10:41	2023-09-05 23:30:00	2023-09-06 16:00:00
U0188	2023-09-11 05:14:14	2023-09-03 21:30:00	2023-09-05 08:00:00
U0055	2023-09-11 05:40:55	2023-09-02 07:30:00	2023-09-04 03:30:00
U0109	2023-09-11 06:26:02	2023-09-01 03:00:00	2023-09-01 03:30:00
U0262	2023-09-11 06:33:56	2023-09-01 05:00:00	2023-09-04 05:30:00
U0201	2023-09-11 06:47:44	2023-09-04 00:00:00	2023-09-07 06:00:00
U0145	2023-09-11 06:48:02	2023-09-01 14:30:00	2023-09-02 22:00:00
U0194	2023-09-11 06:58:57	2023-09-03 11:00:00	2023-09-06 06:00:00
U0052	2023-09-11 06:59:41	2023-09-03 03:00:00	2023-09-07 23:30:00
U0107	2023-09-11 07:19:30	2023-09-04 18:30:00	2023-09-05 21:00:00
U0184	2023-09-11 07:19:34	2023-09-02 07:00:00	2023-09-04 09:30:00
U0106	2023-09-11 07:22:46	2023-09-04 06:00:00	2023-09-07 11:30:00
U0125	2023-09-11 07:30:59	2023-09-03 10:00:00	2023-09-05 13:00:00
U0294	2023-09-11 08:14:51	2023-09-04 00:30:00	2023-09-06 16:30:00
U0168	2023-09-11 09:02:19	2023-09-03 13:00:00	2023-09-05 23:30:00
U0210	2023-09-11 09:23:31	2023-09-01 01:30:00	2023-09-01 03:30:00
U0195	2023-09-11 09:24:46	2023-09-01 20:00:00	2023-09-05 01:30:00
U0291	2023-09-11 09:41:56	2023-09-02 00:00:00	2023-09-02 13:00:00
U0026	2023-09-11 10:20:45	2023-09-04 07:30:00	2023-09-04 18:00:00
U0037	2023-09-11 10:27:53	2023-09-07 00:30:00	2023-09-07 09:00:00
U0236	2023-09-11 10:37:12	2023-09-01 22:30:00	2023-09-02 21:00:00
U0211	2023-09-11 10:39:42	2023-09-04 07:00:00	2023-09-07 01:30:00
U0108	2023-09-11 11:10:43	2023-09-01 06:30:00	2023-09-02 02:30:00
U0278	2023-09-11 11:22:57	2023-09-01 02:30:00	2023-09-05 10:00:00
U0055	2023-09-11 11:53:38	2023-09-01 06:30:00	2023-09-02 22:00:00
U0082	2023-09-11 11:54:23	2023-09-05 18:30:00	2023-09-06 19:00:00
U0249	2023-09-11 11:59:47	2023-09-02 10:00:00	2023-09-02 21:00:00
U0110	2023-09-11 12:24:29	2023-09-01 23:00:00	2023-09-02 10:30:00
U0217	2023-09-11 13:09:59	2023-09-04 07:30:00	2023-09-05 22:00:00
U0041	2023-09-11 13:13:18	2023-09-02 12:00:00	2023-09-03 17:00:00
U0185	2023-09-11 13:13:47	2023-09-01 12:30:00	2023-09-02 16:30:00
U0109	2023-09-11 13:33:53	2023-09-04 04:00:00	2023-09-04 16:30:00
U0172	2023-09-11 14:00:36	2023-09-02 12:00:00	2023-09-03 17:30:00
U0249	2023-09-11 14:13:21	2023-09-02 00:00:00	2023-09-02 20:30:00
U0186	2023-09-11 14:38:33	2023-09-01 11:00:00	2023-09-02 09:30:00
U0112	2023-09-11 14:45:43	2023-09-06 19:00:00	2023-09-07 01:00:00
U0042	2023-09-11 14:48:29	2023-09-02 09:00:00	2023-09-05 12:30:00
U0211	2023-09-11 15:01:21	2023-09-03 00:30:00	2023-09-05 11:00:00
U0215	2023-09-11 15:12:00	2023-09-01 01:30:00	2023-09-06 05:30:00
U0054	2023-09-11 15:20:19	2023-09-02 06:00:00	2023-09-03 10:30:00
U0163	2023-09-11 15:21:18	2023-09-07 04:30:00	2023-09-07 22:00:00
U0011	2023-09-11 15:21:52	2023-09-01 06:00:00	2023-09-01 07:30:00
U0070	2023-09-11 15:25:16	2023-09-03 21:00:00	2023-09-06 10:30:00
U0231	2023-09-11 15:40:33	2023-09-01 05:00:00	2023-09-01 19:30:00
U0098	2023-09-11 15:52:28	2023-09-01 07:30:00	2023-09-01 11:00:00
U0276	2023-09-11 16:02:58	2023-09-01 23:00:00	2023-09-03 23:00:00
U0298	2023-09-11 16:03:36	2023-09-01 02:30:00	2023-09-01 16:00:00
U0087	2023-09-11 16:04:50	2023-09-04 03:30:00	2023-09-04 11:00:00
U0224	2023-09-11 16:11:38	2023-09-01 01:30:00	2023-09-01 16:30:00
U0037	2023-09-11 16:26:17	2023-09-04 03:30:00	2023-09-04 09:00:00
U0057	2023-09-11 16:35:34	2023-09-02 07:30:00	2023-09-03 07:30:00
U0176	2023-09-11 16:50:08	2023-09-01 04:30:00	2023-09-02 06:30:00
U0197	2023-09-11 16:50:59	2023-09-01 04:30:00	2023-09-01 07:00:00
U0284	2023-09-11 17:02:11	2023-09-02 13:00:00	2023-09-02 19:00:00
U0060	2023-09-11 17:04:12	2023-09-03 15:30:00	2023-09-05 18:00:00
U0132	2023-09-11 17:14:57	2023-09-04 05:30:00	2023-09-04 09:30:00
U0170	2023-09-11 17:31:19	2023-09-05 12:30:00	2023-09-07 23:00:00
U0065	2023-09-11 17:52:06	2023-09-01 16:00:00	2023-09-02 05:00:00
U0258	2023-09-11 17:56:42	2023-09-04 04:00:00	2023-09-06 16:00:00
U0016	2023-09-11 18:04:01	2023-09-01 14:30:00	2023-09-03 07:00:00
U0021	2023-09-11 18:04:20	2023-09-02 13:00:00	2023-09-03 17:30:00
U0289	2023-09-11 18:15:03	2023-09-03 22:00:00	2023-09-04 21:30:00
U0137	2023-09-11 18:28:43	2023-09-03 21:00:00	2023-09-04 06:00:00
U0279	2023-09-11 18:29:17	2023-09-06 15:30:00	2023-09-07 13:00:00
U0139	2023-09-11 18:47:22	2023-09-01 08:00:00	2023-09-02 03:00:00
U0198	2023-09-11 19:04:48	2023-09-01 01:00:00	2023-09-01 04:00:00
U0217	2023-09-11 19:07:40	2023-09-01 21:00:00	2023-09-02 13:30:00
U0269	2023-09-11 19:15:55	2023-09-03 02:00:00	2023-09-05 22:30:00
U0194	2023-09-11 19:23:55	2023-09-01 01:00:00	2023-09-01 03:30:00
U0032	2023-09-11 19:51:02	2023-09-01 16:30:00	2023-09-02 22:00:00
U0088	2023-09-11 19:59:48	2023-09-04 22:30:00	2023-09-06 17:30:00
U0165	2023-09-11 20:09:21	2023-09-04 17:30:00	2023-09-05 07:30:00
U0158	2023-09-11 20:34:37	2023-09-05 09:00:00	2023-09-06 15:30:00
U0198	2023-09-11 20:42:12	2023-09-01 10:30:00	2023-09-07 14:00:00
U0006	2023-09-11 20:48:48	2023-09-03 22:30:00	2023-09-04 10:00:00
U0276	2023-09-11 20:49:49	2023-09-01 09:30:00	2023-09-02 02:00:00
U0004	2023-09-11 21:16:07	2023-09-03 10:30:00	2023-09-04 05:00:00
U0060	2023-09-11 21:30:08	2023-09-05 04:30:00	2023-09-06 12:30:00
U0285	2023-09-11 21:55:08	2023-09-01 22:00:00	2023-09-02 19:00:00
U0178	2023-09-11 21:56:32	2023-09-02 20:30:00	2023-09-02 21:30:00
U0156	2023-09-11 22:15:07	2023-09-02 11:30:00	2023-09-05 02:30:00
U0056	2023-09-11 22:20:31	2023-09-01 17:30:00	2023-09-02 10:30:00
U0139	2023-09-11 22:37:48	2023-09-03 15:30:00	2023-09-03 16:00:00
U0160	2023-09-11 22:40:54	2023-09-01 14:30:00	2023-09-05 11:30:00
U0080	2023-09-11 22:42:15	2023-09-01 12:00:00	2023-09-07 23:00:00
U0102	2023-09-11 23:01:32	2023-09-02 01:00:00	2023-09-02 04:30:00
U0060	2023-09-11 23:15:58	2023-09-01 12:00:00	2023-09-05 15:00:00
U0258	2023-09-11 23:31:24	2023-09-01 03:00:00	2023-09-04 00:30:00
U0068	2023-09-11 23:44:37	2023-09-01 17:30:00	2023-09-02 22:00:00
U0092	2023-09-12 00:03:24	2023-09-01 12:00:00	2023-09-02 21:00:00
U0209	2023-09-12 00:16:14	2023-09-01 16:30:00	2023-09-06 06:00:00
U0253	2023-09-12 00:19:02	2023-09-06 23:30:00	2023-09-07 02:30:00
U0190	2023-09-12 00:51:19	2023-09-01 13:30:00	2023-09-01 18:00:00
U0046	2023-09-12 01:02:10	2023-09-02 19:00:00	2023-09-06 15:30:00
U0178	2023-09-12 01:20:55	2023-09-01 09:00:00	2023-09-01 15:30:00
U0113	2023-09-12 01:39:55	2023-09-02 23:30:00	2023-09-06 13:30:00
U0265	2023-09-12 01:41:23	2023-09-03 16:00:00	2023-09-05 01:00:00
U0106	2023-09-12 01:55:33	2023-09-02 12:00:00	2023-09-03 06:30:00
U0266	2023-09-12 02:00:50	2023-09-04 07:00:00	2023-09-06 15:00:00
U0065	2023-09-12 02:24:19	2023-09-03 21:30:00	2023-09-04 13:00:00
U0296	2023-09-12 02:29:46	2023-09-02 08:00:00	2023-09-02 11:30:00
U0193	2023-09-12 02:32:35	2023-09-05 05:30:00	2023-09-06 15:30:00
U0181	2023-09-12 02:34:07	2023-09-01 18:00:00	2023-09-02 13:00:00
\.


--
-- TOC entry 4842 (class 0 OID 17050)
-- Dependencies: 215
-- Data for Name: users; Type: TABLE DATA; Schema: public; Owner: postgres
--

COPY public.users (userid, username, userpassword, usertype, status) FROM stdin;
U0001	EdwardSun	WuQObBAZk3	A	Access
U0002	BrianLee	0FAKvTWa	A	Access
U0003	JohnLin	mBwjtwympd	A	Access
U0004	DebbieWu	D4CoVPN	A	Access
U0005	JamesChung	iJZCeZvb24	A	Access
U0006	FreewayBureau	PeSMKaLP	V	Access
U0007	TatuhueiBus	BSuDT45PX	V	Access
U0008	HsinhsinBus	y501Hcc	V	Access
U0009	TayiuBus	DcFV98c	V	Access
U0010	TananBus	4p84KEC	V	Access
U0011	KuanghuaBus	ERdtHUa8kK	V	Access
U0012	ChunghsingBus	lMmga1PRk7	V	Access
U0013	ChihnanBus	8JbAGYA	V	Access
U0014	TaipeiBus	epiHED	V	Access
U0015	SanchungBus	Pj5IQqVNuj	V	Access
U0016	CapitolBus	AGstKZ	V	Access
U0017	XindianBus	mVVOe6Twe3	V	Access
U0018	HsinhoBus	Rkuqteq	V	Access
U0019	TanshueiBus	0jvVcB6Pk	V	Access
U0020	TungnanBus	RwkGgPzyo	V	Access
U0021	KeelungBus	icwiqrN	V	Access
U0022	JenniferZhang	p2Uc6qRG	U	Access
U0023	ShawnLin	BWveOCAC	U	Access
U0024	IsabellaWang	51boNEXY	U	Access
U0025	LoganMa	LmXbfHoH	U	Access
U0026	HaalaTsai	gjhNL3oDG	U	Access
U0027	TylerSun	GVjLsSj	U	Access
U0028	ReneeWu	0a9Q37LKq	U	Access
U0029	ZaaidaTsai	EZAv2ehk	U	Access
U0030	TalonCheng	Tir6IXB5A	U	Access
U0031	KyeYang	Fwlhx7x0yP	U	Access
U0032	KrystieWang	LMU2f0e6Ks	U	Access
U0033	AaronWang	6HHn6FbLt	U	Access
U0034	HannahTsai	cW8uYVeRdW	U	Access
U0035	NathanielSun	dIWDkd70Cq	U	Access
U0036	BrianKuo	eDrQtO	U	Access
U0037	SelenaYang	glx5on1	U	Access
U0038	BrendaSun	rZ9LQPYy5s	U	Access
U0039	JoshuaLi	MvNOGdi	U	Access
U0040	UmmuLin	feayNRlB	U	Access
U0041	AdhraaaYeh	Z5ATzXj8	U	Access
U0042	DanielleYeh	vzfmMH	U	Access
U0043	JusticeMa	A1obiw	U	Access
U0044	LabeebYeh	bToTFjo7	U	Access
U0045	TaylorTsai	HFwCwVo6tJ	U	Access
U0046	LuanneKuo	So2zGS	U	Access
U0047	BrittanyHo	a3PJadbrMz	U	Access
U0048	AnthonyWu	JU4Kxi	U	Access
U0049	KimberlyLi	bwTYX46FhW	U	Access
U0050	DevonLei	cMQTqGg	U	Access
U0051	TylerZhang	H5yDWnK	U	Access
U0052	SantyveWang	6Jpe7F4N	U	Access
U0053	MawzoonaYang	mREDxt50TG	U	Access
U0054	MikiChen	aW7i2RTO4	U	Access
U0055	EricaMa	MwohuXT	U	Access
U0056	MarissaZhang	wFoKK1yakh	U	Access
U0057	SamanthaLiu	wInzyDPZ	U	Access
U0058	MarandaYang	sb5Ua5Jl	U	Access
U0059	JacienTsai	B3LSmdhy2P	U	Access
U0060	SergioYeh	jocFRJ0w	U	Access
U0061	RickZhang	eJLMfP1AS9	U	Access
U0062	ChristianYang	MhdgaoXXh	U	Access
U0063	RebeccaKuo	VA7CrfnC3j	U	Access
U0064	KaraMa	ltfs16	U	Access
U0065	ShaakirWu	7vF9o6rv	U	Access
U0066	JanikaLei	ubxoJY	U	Access
U0067	MillardZhang	MzDyCZi	U	Access
U0068	SadoonLin	0paOMeqI9	U	Access
U0069	RaellLei	d6nvEOTpV	U	Access
U0070	NebenTsai	1VNbOaKUk	U	Access
U0071	BabaluYang	1ByCSFKp	U	Access
U0072	MarcusLei	Mp8Q5nvZqT	U	Access
U0073	LynnWu	RiUT4or5cJ	U	Access
U0074	JacquelineHuang	3NBup9U5AZ	U	Access
U0075	EllyMa	VpLbeYG	U	Access
U0076	SerenaTsai	uPbGEYvgbh	U	Access
U0077	AnaelodiYang	QL3ti5IgU	U	Access
U0078	MadisonTsai	1dJ4Yybm	U	Access
U0079	CalebKuo	xaCEnFTJG	U	Access
U0080	RabdaaLu	jJkCy8JmWY	U	Access
U0081	MaelynnHsu	OH07l5ZJPG	U	Access
U0082	AmirWang	eXP6iR4pv0	U	Access
U0083	SaamirMa	3ziLPJYz8P	U	Access
U0084	SarayaKuo	s8urXnGx3	U	Access
U0085	ZachariaZhang	swivd1N	U	Access
U0086	EmilyLi	FMVEY4h	U	Access
U0087	JeelaanTsai	Mwa2i1j	U	Access
U0088	EmmaleeMa	D6Bxqmhh	U	Access
U0089	RitchieChen	5JwLU2	U	Access
U0090	AhanabahZhang	FIgnc0VE	U	Access
U0091	BrittanyTsai	Gl3VRgIA	U	Access
U0092	LloydLei	E10n4q	U	Access
U0093	JosephWang	0Tps9CPz	U	Access
U0094	EaniceLu	3S9rxszXt	U	Access
U0095	RyanLei	CenP2RmH	U	Access
U0096	BrandonMa	ilxQl4	U	Access
U0097	DaejhaLu	jytpYM5Jz	U	Access
U0098	GregoryHuang	1xU3eqnEqM	U	Access
U0099	JasonSun	jzNkS1	U	Access
U0100	TerrenceWang	aG0HarBPQ	U	Access
U0101	MikkaylaHuang	kfRbjSXPJ	U	Access
U0102	TaylorLei	3OI8kH4	U	Access
U0103	AshleyYeh	wrkwGSe1	U	Access
U0104	RebeccaChen	nXCz00MXE	U	Access
U0105	ShakooraLin	sHLhfgN2	U	Access
U0106	JoseHo	buMxPFokI	U	Access
U0107	JosephineYang	IsdO6Q	U	Access
U0108	SheltonZhang	JyVsZdej	U	Access
U0109	EunCheng	aqp27Hpydf	U	Access
U0110	AlexanderChang	OXkkMwcp	U	Access
U0111	VictorLu	lrLvmO	U	Access
U0112	NikkiKuo	irjjvTecI	U	Access
U0113	SageSun	MUyt9IZCca	U	Access
U0114	FarajTsai	m8CAparF	U	Access
U0115	SayfaHuang	50k6Kz	U	Access
U0116	EmilyChen	MZP4Ejtyr9	U	Access
U0117	MichaelHuang	euy6LfzRve	U	Access
U0118	NatalieCheng	bqchtdX0R	U	Access
U0119	SiennaSun	idBKxNz0D	U	Access
U0120	BrennanKuo	tFgpHRbJgU	U	Access
U0121	DallasLin	IlzJNkKO	U	Access
U0122	PeterKuo	JQ6sFC	U	Access
U0123	BrandonYang	dDT33aSp	U	Access
U0124	TaniaLin	ZiVoUSW5	U	Access
U0125	LashawnHuang	lglrdfGy0	U	Access
U0126	KolbyCheng	ugvApglpkt	U	Access
U0127	JorgeHsu	1u3XAXWwNx	U	Access
U0128	NikomaHo	f5AGubOT	U	Access
U0129	TimothyYang	pKedOYE8w	U	Access
U0130	JustinHuang	h9RRLChV9a	U	Access
U0131	MarriahLu	YnK6cKnM	U	Access
U0132	YhaniqueLiu	I8iFzeJ	U	Access
U0133	KyleWu	M4i65twx	U	Access
U0134	LeslieLin	n11BHGe	U	Access
U0135	IsaamCheng	lY8bitoHu	U	Access
U0136	HenryYang	Xg5Ehv0ivq	U	Access
U0137	PaulLu	YwLlxd	U	Access
U0138	JoshuaChang	lw86o5vhC	U	Access
U0139	AlyssaHuang	eAGAzcfCRu	U	Access
U0140	KebremeskelHsu	HIcpvUkDOL	U	Access
U0141	TylerChang	o4ZgFJAKq	U	Access
U0142	KellySun	dbsr0jIs	U	Access
U0143	EsmeraldaWu	Uo4AHeN	U	Access
U0144	RachelYeh	qgGZOfn	U	Access
U0145	FareedHuang	hI0hRwQfQ1	U	Access
U0146	NikolasChang	tmjbFW9PNw	U	Access
U0147	RichardYang	T7kzGWgwcG	U	Access
U0148	ChristianLu	qhvOVllw	U	Access
U0149	AprilChang	vAk5byxLX8	U	Access
U0150	AaronYeh	PkCMfjpXp	U	Access
U0151	AabdeenLi	ViQNRjRiV	U	Access
U0152	SafwaHo	0UfWiTkt5T	U	Access
U0153	RafaelCheng	wGKmOvVDiu	U	Access
U0154	GilbertLin	PzPHDtXQ5Z	U	Access
U0155	MreenalCheng	gtVmrgaTV	U	Access
U0156	MikaylaHuang	qzulkzRpq	U	Access
U0157	MarissaYeh	MKSmwFHZ66	U	Access
U0158	AlaynahTsai	awsdmV	U	Access
U0159	SamanthaHsu	S1kcT1Q5oW	U	Access
U0160	JosefWang	vZskuCtpZz	U	Access
U0161	JacobTsai	n967u8	U	Access
U0162	AmadouZhang	BbfDpY	U	Access
U0163	SarahWu	hRx8LYD	U	Access
U0164	PaigeCheng	6vlWLfi	U	Access
U0165	ShuCheng	yX49revX0U	U	Access
U0166	JohnnieHuang	HrR29aLB27	U	Access
U0167	AndresYeh	gUKDyv9xzr	U	Denied
U0168	ImaniCheng	acdJob	U	Access
U0169	RaaniyaLin	1KLbs62TrQ	U	Access
U0170	ChristineYeh	o8MhRd4Jo5	U	Access
U0171	MollySun	YtlS42v	U	Access
U0172	WonYeh	Lspq5n2Ed	U	Access
U0173	JeffreyWang	8FCQkZ	U	Access
U0174	MakaylaHuang	LRTfXM9aY	U	Access
U0175	GhaaziLin	gvJgOF	U	Access
U0176	ShafeeqTsai	RKVxKsf	U	Access
U0177	HenryphuocHuang	v5k3T9jka	U	Access
U0178	TreyMa	AEYqmowfM	U	Access
U0179	ToshaCheng	ivFzcu	U	Access
U0180	CameronWu	S52kCnB	U	Access
U0181	AnnaSun	8LxyaEu	U	Access
U0182	KeairaHo	rnTKxWg1	U	Access
U0183	IsaiahKuo	wUC5Sc	U	Access
U0184	TachelleKuo	yjvgA1	U	Access
U0185	MirandaLi	dgZ7AOI	U	Access
U0186	MichaelKuo	V4RPZTt	U	Access
U0187	KyleLi	j6r4Qb	U	Access
U0188	TroyChen	EWbyTv	U	Access
U0189	KylieZhang	ATy2azQMv	U	Access
U0190	ConnorCheng	IocfcLog	U	Access
U0191	RobertCheng	7s1KSIs	U	Access
U0192	MuMa	SrJWw8Y	U	Access
U0193	JordanLu	vCZIXPqA	U	Access
U0194	EbonyChang	bMUuNEk6x	U	Access
U0195	MohammadWu	X4JEKC	U	Access
U0196	CaitlynKuo	G0vyAH	U	Access
U0197	DonovanYeh	1iNsffsJo	U	Access
U0198	ChristopherHsu	SyBVehtQ	U	Access
U0199	IsraaHo	l1VtL1	U	Access
U0200	AlphonzoKuo	xyn7AywpG	U	Access
U0201	KendallCheng	usGF4rKMfg	U	Access
U0202	BradenWang	MpGEc0AZt	U	Access
U0203	ChadChang	ag90Vx5	U	Denied
U0204	MorganChang	uuhEKRu	U	Access
U0205	DanielleLei	HW1ZvNNDY	U	Access
U0206	AlanaCheng	F935ii	U	Access
U0207	JuliaChang	vtDqjATsIi	U	Access
U0208	MawzoonaZhang	bNE0psIY	U	Access
U0209	AdelitaLei	q4ZhEv	U	Access
U0210	JohnLiu	oALmwg	U	Access
U0211	BriceLu	EQ2FiZC5e	U	Access
U0212	MichaelLiu	nwYumktBzH	U	Access
U0213	GabrielleHuang	s5ZrJdM	U	Access
U0214	KhaleelaLu	g4MysV	U	Access
U0215	JeanetteZhang	vjpdBv	U	Access
U0216	RifatWu	OdSfy7	U	Access
U0217	JoshuaLu	occUazU	U	Access
U0218	AlbertoHuang	0VNdZN	U	Denied
U0219	ErminioChen	ZZacXtOtb	U	Access
U0220	MartinWu	ozDIBxDnC	U	Access
U0221	NathanHo	wGqhSVb	U	Access
U0222	NajaatWu	zUCXq1fu	U	Access
U0223	HannahLin	Ng5zp9	U	Access
U0224	SunnyTsai	jgVNZWcQnX	U	Access
U0225	ScottLin	Dj39RFjQ	U	Access
U0226	RidaHsu	0VJVos6d9	U	Access
U0227	DomingoChang	nLJH1u	U	Access
U0228	JordanHo	yh4dmaF	U	Access
U0229	MazeedYeh	b5UUN5	U	Access
U0230	JeelaanYang	tDQnQxIbo8	U	Access
U0231	KennadyKuo	24gyT89P	U	Access
U0232	DyonLi	bPLG5Z	U	Access
U0233	JakeWang	42zIWiBU	U	Access
U0234	AdamLin	DnbNtezjd	U	Access
U0235	RoderickZhang	g7NwWa	U	Access
U0236	KyleLei	DdMCAWDI6	U	Access
U0237	AntonioLiu	XK52vIU	U	Access
U0238	CharlaynaLiu	jTBqz2b	U	Access
U0239	PaulWu	CcuECNVud	U	Access
U0240	JanaLei	DT9osv	U	Access
U0241	DaizhonHuang	35n8Lt8	U	Access
U0242	StephenHo	lDpI0VQ	U	Access
U0243	KeTsai	LP0Wxs	U	Access
U0244	DecarloZhang	hvy8FK49	U	Access
U0245	JoseLei	zJq07SpO	U	Access
U0246	KennethSun	aN4cUIQlER	U	Access
U0247	HadbaaaHuang	LvdvWNPGz	U	Access
U0248	AprilYeh	n1HQSzED4H	U	Access
U0249	JadeLu	oaHg98u	U	Access
U0250	DwayneChen	ZvuXXh9yN9	U	Access
U0251	StevenLei	a2RLq2	U	Access
U0252	DavantiWang	rtWph17m	U	Access
U0253	JacobZhang	Vx2Hg6mLpv	U	Access
U0254	DominiqueMa	UUYAuh	U	Access
U0255	MatthewHuang	9neQs4Aa	U	Access
U0256	HannahChang	iNc6D1WCDU	U	Access
U0257	CaitlynCheng	byMuAHvzy	U	Access
U0258	MahdeeyaCheng	i25RIqKYz	U	Access
U0259	KhaliaZhang	lCLWHUG	U	Access
U0260	KatherineWang	483WOgzGi	U	Access
U0261	DoraKuo	1ZZwm4EO0y	U	Access
U0262	PhungYeh	DI1igD	U	Access
U0263	MoniqueYang	lCzv9Nx0Af	U	Access
U0264	TrevorCheng	3BBI0JO	U	Access
U0265	WajeebChen	cmuC4EE	U	Access
U0266	RayyanaTsai	n9vgmtD	U	Access
U0267	GiannaLiu	PPcqCC3AQG	U	Access
U0268	MorganCheng	WXcu2R	U	Access
U0269	GabrielHuang	ROhPZTKxPT	U	Denied
U0270	DesireeWang	fIYvYzR	U	Access
U0271	DavaughnHuang	7LXQiWzGh	U	Access
U0272	DavidLin	SIj0FZPI3T	U	Denied
U0273	ElishaLiu	5TxJBsrsh	U	Access
U0274	LaneLin	pm9wzM8auW	U	Access
U0275	LenyeceLu	4z3A6JhnjW	U	Access
U0276	ShaniahLiu	8q1UhSMD	U	Access
U0277	KiaLu	4WNixgGGle	U	Access
U0278	AlbertoTsai	qwCPT3CqD	U	Access
U0279	MarkZhang	fgez8Eh5f	U	Access
U0280	AngeliqueCheng	T7bLEJ9	U	Access
U0281	SamuelKuo	Vodordzw	U	Access
U0282	DianaLei	VI657zYD	U	Access
U0283	WardiyyaHuang	gie2Z18e4	U	Access
U0284	JordanLu	55T6Zc	U	Access
U0285	TylerLin	xdzemWC	U	Access
U0286	BayaniChen	mLVDcEJM	U	Access
U0287	RavenLu	6uCSi8MEre	U	Access
U0288	JordanHuang	LHEoEl	U	Access
U0289	AaronCheng	hRAueKZb	U	Access
U0290	KianiYeh	5xeNee7i	U	Access
U0291	EuniciaHuang	tijXsTtZFW	U	Access
U0292	DevenCheng	6Lw038VCRx	U	Access
U0293	BenjaminChang	ldHdoiFw	U	Access
U0294	LeaLiu	4tT9UR	U	Access
U0295	StephanieChen	IaPEsM3rdz	U	Access
U0296	RebeccaSun	g6udWB	U	Access
U0297	JoeYeh	t4YREVyWXJ	U	Access
U0298	AgnesKuo	KnjwLsCH94	U	Access
U0299	ShakooraLiu	NtsvBn	U	Access
U0300	FeliciaWu	viSmUlch	U	Access
\.


-- Completed on 2023-12-13 09:44:14

--
-- PostgreSQL database dump complete
--

