"UserID","QueryExecuteTime","QueryStartTime","QueryEndTime"
"U0279",2023-09-01 04:11:11,"2023-09-01 01:00:00","2023-09-01 03:00:00"
"U0077",2023-09-01 05:03:14,"2023-09-01 01:00:00","2023-09-01 03:30:00"
"U0231",2023-09-01 05:46:27,"2023-09-01 01:00:00","2023-09-01 03:00:00"
"U0081",2023-09-01 06:13:03,"2023-09-01 04:30:00","2023-09-01 05:30:00"
"U0157",2023-09-01 06:31:55,"2023-09-01 01:30:00","2023-09-01 04:30:00"
"U0016",2023-09-01 06:39:37,"2023-09-01 01:30:00","2023-09-01 03:30:00"
"U0157",2023-09-01 07:09:53,"2023-09-01 01:00:00","2023-09-01 07:00:00"
"U0130",2023-09-01 07:29:20,"2023-09-01 04:00:00","2023-09-01 04:30:00"
"U0085",2023-09-01 08:12:16,"2023-09-01 04:30:00","2023-09-01 06:30:00"
"U0160",2023-09-01 08:36:42,"2023-09-01 01:30:00","2023-09-01 04:00:00"
"U0060",2023-09-01 08:36:46,"2023-09-01 05:30:00","2023-09-01 06:30:00"
"U0033",2023-09-01 08:51:48,"2023-09-01 01:30:00","2023-09-01 04:30:00"
"U0219",2023-09-01 08:55:43,"2023-09-01 01:30:00","2023-09-01 03:00:00"
"U0299",2023-09-01 09:03:20,"2023-09-01 04:30:00","2023-09-01 05:00:00"
"U0085",2023-09-01 09:04:59,"2023-09-01 02:00:00","2023-09-01 04:00:00"
"U0275",2023-09-01 09:05:28,"2023-09-01 01:00:00","2023-09-01 05:30:00"
"U0161",2023-09-01 09:19:05,"2023-09-01 03:00:00","2023-09-01 08:00:00"
"U0204",2023-09-01 09:35:32,"2023-09-01 02:00:00","2023-09-01 04:00:00"
"U0010",2023-09-01 09:54:43,"2023-09-01 02:00:00","2023-09-01 04:00:00"
"U0122",2023-09-01 10:25:23,"2023-09-01 05:30:00","2023-09-01 08:30:00"
"U0237",2023-09-01 10:26:35,"2023-09-01 04:30:00","2023-09-01 09:00:00"
"U0208",2023-09-01 10:52:01,"2023-09-01 02:00:00","2023-09-01 06:00:00"
"U0201",2023-09-01 11:08:01,"2023-09-01 02:00:00","2023-09-01 04:30:00"
"U0092",2023-09-01 11:13:49,"2023-09-01 04:00:00","2023-09-01 04:30:00"
"U0272",2023-09-01 11:35:37,"2023-09-01 08:30:00","2023-09-01 10:00:00"
"U0288",2023-09-01 11:58:33,"2023-09-01 07:30:00","2023-09-01 10:30:00"
"U0087",2023-09-01 11:59:18,"2023-09-01 01:00:00","2023-09-01 03:30:00"
"U0210",2023-09-01 12:06:28,"2023-09-01 04:00:00","2023-09-01 06:00:00"
"U0216",2023-09-01 12:11:56,"2023-09-01 06:00:00","2023-09-01 11:30:00"
"U0046",2023-09-01 12:25:44,"2023-09-01 01:30:00","2023-09-01 04:00:00"
"U0130",2023-09-01 12:38:11,"2023-09-01 07:00:00","2023-09-01 12:30:00"
"U0287",2023-09-01 12:39:47,"2023-09-01 01:00:00","2023-09-01 04:00:00"
"U0084",2023-09-01 12:54:05,"2023-09-01 05:30:00","2023-09-01 08:30:00"
"U0169",2023-09-01 13:02:18,"2023-09-01 10:00:00","2023-09-01 11:30:00"
"U0296",2023-09-01 13:23:14,"2023-09-01 09:00:00","2023-09-01 10:00:00"
"U0102",2023-09-01 13:38:55,"2023-09-01 03:00:00","2023-09-01 12:00:00"
"U0167",2023-09-01 13:45:31,"2023-09-01 01:00:00","2023-09-01 08:30:00"
"U0059",2023-09-01 14:35:10,"2023-09-01 02:30:00","2023-09-01 04:00:00"
"U0221",2023-09-01 14:44:28,"2023-09-01 03:00:00","2023-09-01 07:30:00"
"U0208",2023-09-01 15:03:04,"2023-09-01 02:00:00","2023-09-01 04:30:00"
"U0116",2023-09-01 15:29:22,"2023-09-01 09:00:00","2023-09-01 10:30:00"
"U0001",2023-09-01 15:36:49,"2023-09-01 02:00:00","2023-09-01 04:30:00"
"U0241",2023-09-01 15:42:07,"2023-09-01 01:30:00","2023-09-01 03:30:00"
"U0287",2023-09-01 16:18:16,"2023-09-01 12:30:00","2023-09-01 14:30:00"
"U0261",2023-09-01 16:41:15,"2023-09-01 03:30:00","2023-09-01 15:00:00"
"U0011",2023-09-01 16:59:19,"2023-09-01 04:00:00","2023-09-01 11:00:00"
"U0147",2023-09-01 17:02:39,"2023-09-01 01:30:00","2023-09-01 04:00:00"
"U0158",2023-09-01 17:11:59,"2023-09-01 07:30:00","2023-09-01 11:30:00"
"U0028",2023-09-01 17:28:57,"2023-09-01 07:30:00","2023-09-01 09:30:00"
"U0204",2023-09-01 17:33:43,"2023-09-01 05:30:00","2023-09-01 08:30:00"
"U0127",2023-09-01 17:54:01,"2023-09-01 02:00:00","2023-09-01 03:30:00"
"U0265",2023-09-01 18:07:03,"2023-09-01 09:00:00","2023-09-01 14:30:00"
"U0199",2023-09-01 18:12:10,"2023-09-01 13:30:00","2023-09-01 15:30:00"
"U0034",2023-09-01 18:39:35,"2023-09-01 01:00:00","2023-09-01 17:30:00"
"U0300",2023-09-01 18:43:25,"2023-09-01 04:00:00","2023-09-01 06:30:00"
"U0028",2023-09-01 18:59:18,"2023-09-01 02:00:00","2023-09-01 04:00:00"
"U0291",2023-09-01 19:24:57,"2023-09-01 07:00:00","2023-09-01 09:00:00"
"U0207",2023-09-01 19:30:52,"2023-09-01 14:30:00","2023-09-01 18:30:00"
"U0030",2023-09-01 19:45:11,"2023-09-01 10:30:00","2023-09-01 18:00:00"
"U0075",2023-09-01 20:27:17,"2023-09-01 05:30:00","2023-09-01 07:30:00"
"U0184",2023-09-01 20:34:02,"2023-09-01 01:30:00","2023-09-01 03:30:00"
"U0239",2023-09-01 20:35:45,"2023-09-01 01:30:00","2023-09-01 03:00:00"
"U0213",2023-09-01 20:44:37,"2023-09-01 06:30:00","2023-09-01 16:30:00"
"U0019",2023-09-01 21:05:16,"2023-09-01 02:00:00","2023-09-01 17:00:00"
"U0296",2023-09-01 21:19:43,"2023-09-01 03:30:00","2023-09-01 15:30:00"
"U0216",2023-09-01 21:27:47,"2023-09-01 01:30:00","2023-09-01 18:00:00"
"U0166",2023-09-01 21:36:52,"2023-09-01 07:30:00","2023-09-01 08:30:00"
"U0144",2023-09-01 21:50:20,"2023-09-01 02:00:00","2023-09-01 06:00:00"
"U0115",2023-09-01 21:53:48,"2023-09-01 03:30:00","2023-09-01 07:00:00"
"U0060",2023-09-01 21:58:24,"2023-09-01 08:30:00","2023-09-01 11:30:00"
"U0166",2023-09-01 21:58:34,"2023-09-01 11:00:00","2023-09-01 16:00:00"
"U0051",2023-09-01 22:00:11,"2023-09-01 02:00:00","2023-09-01 14:30:00"
"U0250",2023-09-01 22:20:28,"2023-09-01 01:30:00","2023-09-01 18:30:00"
"U0141",2023-09-01 22:30:28,"2023-09-01 01:00:00","2023-09-01 03:00:00"
"U0239",2023-09-01 22:43:41,"2023-09-01 01:00:00","2023-09-01 20:30:00"
"U0116",2023-09-01 23:11:25,"2023-09-01 07:00:00","2023-09-01 18:00:00"
"U0233",2023-09-01 23:23:49,"2023-09-01 01:30:00","2023-09-01 22:00:00"
"U0271",2023-09-01 23:32:55,"2023-09-01 07:00:00","2023-09-01 15:00:00"
"U0189",2023-09-01 23:44:16,"2023-09-01 04:00:00","2023-09-01 12:30:00"
"U0013",2023-09-02 00:01:09,"2023-09-01 03:00:00","2023-09-01 19:30:00"
"U0042",2023-09-02 00:36:01,"2023-09-01 04:30:00","2023-09-01 10:30:00"
"U0024",2023-09-02 01:03:27,"2023-09-01 03:30:00","2023-09-01 08:00:00"
"U0128",2023-09-02 01:28:53,"2023-09-01 08:00:00","2023-09-01 15:30:00"
"U0030",2023-09-02 01:50:20,"2023-09-01 07:30:00","2023-09-01 09:00:00"
"U0225",2023-09-02 02:13:06,"2023-09-01 10:30:00","2023-09-01 20:00:00"
"U0166",2023-09-02 02:21:05,"2023-09-01 02:30:00","2023-09-01 22:30:00"
"U0204",2023-09-02 02:58:39,"2023-09-01 02:30:00","2023-09-01 04:30:00"
"U0183",2023-09-02 03:15:36,"2023-09-01 05:00:00","2023-09-01 12:00:00"
"U0261",2023-09-02 03:18:16,"2023-09-01 03:30:00","2023-09-01 15:00:00"
"U0157",2023-09-02 04:30:40,"2023-09-01 19:30:00","2023-09-01 22:30:00"
"U0198",2023-09-02 04:42:46,"2023-09-01 05:00:00","2023-09-02 02:30:00"
"U0174",2023-09-02 04:50:24,"2023-09-01 05:00:00","2023-09-01 13:30:00"
"U0272",2023-09-02 05:04:01,"2023-09-01 01:00:00","2023-09-01 06:00:00"
"U0270",2023-09-02 05:08:39,"2023-09-01 06:30:00","2023-09-01 20:00:00"
"U0196",2023-09-02 05:17:40,"2023-09-01 03:30:00","2023-09-01 06:00:00"
"U0009",2023-09-02 05:45:07,"2023-09-01 01:00:00","2023-09-01 04:00:00"
"U0217",2023-09-02 06:13:41,"2023-09-01 21:00:00","2023-09-02 02:00:00"
"U0084",2023-09-02 06:28:48,"2023-09-01 02:30:00","2023-09-01 07:30:00"
"U0294",2023-09-02 06:32:07,"2023-09-01 07:30:00","2023-09-01 09:30:00"
"U0026",2023-09-02 06:43:59,"2023-09-01 13:30:00","2023-09-01 19:30:00"
"U0297",2023-09-02 07:07:31,"2023-09-01 04:30:00","2023-09-02 03:30:00"
"U0083",2023-09-02 07:30:38,"2023-09-02 03:00:00","2023-09-02 06:00:00"
"U0227",2023-09-02 07:35:33,"2023-09-01 12:30:00","2023-09-01 15:30:00"
"U0218",2023-09-02 08:06:37,"2023-09-01 08:30:00","2023-09-01 09:30:00"
"U0108",2023-09-02 08:17:57,"2023-09-01 05:00:00","2023-09-01 07:30:00"
"U0276",2023-09-02 08:38:31,"2023-09-02 01:00:00","2023-09-02 03:00:00"
"U0166",2023-09-02 08:45:27,"2023-09-01 09:30:00","2023-09-02 08:30:00"
"U0074",2023-09-02 08:46:57,"2023-09-01 07:00:00","2023-09-01 10:00:00"
"U0167",2023-09-02 08:50:28,"2023-09-01 12:00:00","2023-09-02 06:30:00"
"U0237",2023-09-02 09:32:32,"2023-09-01 14:00:00","2023-09-01 19:30:00"
"U0139",2023-09-02 09:40:23,"2023-09-02 02:00:00","2023-09-02 02:30:00"
"U0074",2023-09-02 09:55:39,"2023-09-01 09:30:00","2023-09-01 11:00:00"
"U0087",2023-09-02 10:02:24,"2023-09-01 03:00:00","2023-09-01 03:30:00"
"U0008",2023-09-02 10:13:17,"2023-09-01 02:30:00","2023-09-01 06:00:00"
"U0002",2023-09-02 10:16:44,"2023-09-01 16:00:00","2023-09-01 19:00:00"
"U0172",2023-09-02 10:25:35,"2023-09-01 01:00:00","2023-09-01 07:30:00"
"U0249",2023-09-02 10:36:26,"2023-09-01 15:00:00","2023-09-02 01:00:00"
"U0190",2023-09-02 10:58:05,"2023-09-01 01:00:00","2023-09-02 03:00:00"
"U0238",2023-09-02 11:16:40,"2023-09-01 20:00:00","2023-09-02 10:00:00"
"U0170",2023-09-02 11:27:54,"2023-09-01 09:30:00","2023-09-01 16:30:00"
"U0226",2023-09-02 11:43:59,"2023-09-02 08:00:00","2023-09-02 10:00:00"
"U0214",2023-09-02 11:50:20,"2023-09-01 14:30:00","2023-09-01 16:30:00"
"U0169",2023-09-02 11:56:49,"2023-09-01 01:00:00","2023-09-01 10:00:00"
"U0163",2023-09-02 12:28:58,"2023-09-01 13:00:00","2023-09-01 16:30:00"
"U0202",2023-09-02 13:15:23,"2023-09-01 11:00:00","2023-09-02 07:30:00"
"U0290",2023-09-02 14:44:02,"2023-09-01 07:00:00","2023-09-01 09:00:00"
"U0036",2023-09-02 14:44:34,"2023-09-01 05:00:00","2023-09-01 16:30:00"
"U0136",2023-09-02 15:01:03,"2023-09-01 03:30:00","2023-09-01 07:30:00"
"U0069",2023-09-02 15:06:26,"2023-09-01 09:30:00","2023-09-02 09:30:00"
"U0275",2023-09-02 15:14:47,"2023-09-02 00:30:00","2023-09-02 07:30:00"
"U0127",2023-09-02 15:18:19,"2023-09-01 10:00:00","2023-09-01 12:30:00"
"U0244",2023-09-02 15:21:14,"2023-09-01 03:00:00","2023-09-01 04:30:00"
"U0051",2023-09-02 15:29:59,"2023-09-02 01:00:00","2023-09-02 12:00:00"
"U0127",2023-09-02 15:43:34,"2023-09-01 21:30:00","2023-09-02 14:00:00"
"U0247",2023-09-02 15:56:11,"2023-09-01 04:30:00","2023-09-01 09:00:00"
"U0090",2023-09-02 16:25:43,"2023-09-01 11:30:00","2023-09-02 09:30:00"
"U0280",2023-09-02 17:27:37,"2023-09-01 01:00:00","2023-09-02 05:30:00"
"U0001",2023-09-02 18:04:29,"2023-09-02 05:00:00","2023-09-02 07:00:00"
"U0263",2023-09-02 18:08:31,"2023-09-01 23:00:00","2023-09-02 15:30:00"
"U0227",2023-09-02 18:11:33,"2023-09-01 07:30:00","2023-09-01 15:00:00"
"U0113",2023-09-02 18:27:28,"2023-09-01 06:00:00","2023-09-01 13:00:00"
"U0236",2023-09-02 19:09:15,"2023-09-01 05:00:00","2023-09-01 10:30:00"
"U0253",2023-09-02 19:26:59,"2023-09-02 06:00:00","2023-09-02 11:30:00"
"U0133",2023-09-02 19:29:44,"2023-09-01 02:30:00","2023-09-01 16:00:00"
"U0114",2023-09-02 20:01:15,"2023-09-01 07:00:00","2023-09-01 14:00:00"
"U0067",2023-09-02 20:13:47,"2023-09-01 03:30:00","2023-09-01 08:00:00"
"U0192",2023-09-02 20:36:15,"2023-09-01 13:30:00","2023-09-02 10:00:00"
"U0217",2023-09-02 20:52:57,"2023-09-01 03:00:00","2023-09-01 18:00:00"
"U0159",2023-09-02 21:12:02,"2023-09-01 21:00:00","2023-09-02 20:30:00"
"U0161",2023-09-02 21:29:01,"2023-09-01 13:30:00","2023-09-02 15:00:00"
"U0191",2023-09-02 21:39:32,"2023-09-02 09:00:00","2023-09-02 11:00:00"
"U0101",2023-09-02 22:01:51,"2023-09-01 06:30:00","2023-09-02 01:30:00"
"U0292",2023-09-02 22:11:07,"2023-09-01 04:30:00","2023-09-01 21:30:00"
"U0172",2023-09-02 22:16:32,"2023-09-01 08:30:00","2023-09-01 17:30:00"
"U0108",2023-09-02 22:59:16,"2023-09-01 02:00:00","2023-09-01 03:00:00"
"U0016",2023-09-02 22:59:30,"2023-09-01 22:00:00","2023-09-02 14:30:00"
"U0196",2023-09-02 23:02:31,"2023-09-01 07:30:00","2023-09-02 03:30:00"
"U0007",2023-09-02 23:22:20,"2023-09-01 03:00:00","2023-09-02 08:00:00"
"U0088",2023-09-02 23:57:42,"2023-09-01 08:30:00","2023-09-01 22:30:00"
"U0119",2023-09-03 00:01:30,"2023-09-01 04:30:00","2023-09-01 05:30:00"
"U0276",2023-09-03 00:14:47,"2023-09-01 19:30:00","2023-09-01 21:30:00"
"U0018",2023-09-03 00:23:07,"2023-09-01 19:30:00","2023-09-02 11:00:00"
"U0107",2023-09-03 00:39:12,"2023-09-01 07:00:00","2023-09-01 14:00:00"
"U0132",2023-09-03 00:44:33,"2023-09-01 07:30:00","2023-09-01 15:00:00"
"U0173",2023-09-03 00:47:08,"2023-09-01 10:30:00","2023-09-02 08:00:00"
"U0110",2023-09-03 00:53:18,"2023-09-01 23:30:00","2023-09-02 11:30:00"
"U0191",2023-09-03 01:05:52,"2023-09-01 09:00:00","2023-09-02 08:00:00"
"U0164",2023-09-03 01:12:56,"2023-09-02 06:00:00","2023-09-02 08:30:00"
"U0269",2023-09-03 01:13:31,"2023-09-01 07:30:00","2023-09-02 09:00:00"
"U0023",2023-09-03 01:26:48,"2023-09-02 00:30:00","2023-09-02 06:00:00"
"U0115",2023-09-03 01:26:52,"2023-09-01 07:00:00","2023-09-02 14:30:00"
"U0165",2023-09-03 01:38:07,"2023-09-01 10:30:00","2023-09-01 12:30:00"
"U0149",2023-09-03 01:41:18,"2023-09-01 06:00:00","2023-09-01 09:30:00"
"U0067",2023-09-03 02:19:01,"2023-09-01 02:00:00","2023-09-01 09:30:00"
"U0180",2023-09-03 03:22:14,"2023-09-01 05:30:00","2023-09-01 22:30:00"
"U0041",2023-09-03 04:02:30,"2023-09-01 04:30:00","2023-09-01 08:00:00"
"U0116",2023-09-03 04:42:16,"2023-09-01 20:30:00","2023-09-02 22:00:00"
"U0205",2023-09-03 04:50:20,"2023-09-01 20:30:00","2023-09-02 16:00:00"
"U0071",2023-09-03 05:17:20,"2023-09-01 18:30:00","2023-09-02 10:30:00"
"U0221",2023-09-03 05:43:18,"2023-09-01 03:30:00","2023-09-01 21:00:00"
"U0048",2023-09-03 05:52:46,"2023-09-02 01:30:00","2023-09-02 23:30:00"
"U0273",2023-09-03 05:55:55,"2023-09-01 04:00:00","2023-09-01 11:30:00"
"U0058",2023-09-03 06:14:13,"2023-09-01 22:00:00","2023-09-02 01:00:00"
"U0036",2023-09-03 06:29:09,"2023-09-01 13:30:00","2023-09-02 05:00:00"
"U0279",2023-09-03 06:40:51,"2023-09-01 17:30:00","2023-09-02 20:00:00"
"U0124",2023-09-03 06:42:52,"2023-09-01 05:30:00","2023-09-01 09:00:00"
"U0195",2023-09-03 07:26:36,"2023-09-01 16:00:00","2023-09-02 14:30:00"
"U0244",2023-09-03 07:30:58,"2023-09-01 19:30:00","2023-09-02 06:30:00"
"U0119",2023-09-03 07:39:13,"2023-09-01 05:00:00","2023-09-02 09:00:00"
"U0093",2023-09-03 07:55:13,"2023-09-01 02:30:00","2023-09-01 09:00:00"
"U0035",2023-09-03 08:01:07,"2023-09-01 11:30:00","2023-09-01 22:00:00"
"U0050",2023-09-03 08:13:36,"2023-09-01 14:30:00","2023-09-03 04:00:00"
"U0058",2023-09-03 08:14:41,"2023-09-01 23:30:00","2023-09-02 11:30:00"
"U0101",2023-09-03 08:15:04,"2023-09-01 11:30:00","2023-09-02 04:00:00"
"U0216",2023-09-03 08:27:51,"2023-09-01 20:00:00","2023-09-02 22:30:00"
"U0039",2023-09-03 08:39:17,"2023-09-03","2023-09-03 04:30:00"
"U0128",2023-09-03 08:47:57,"2023-09-01 04:30:00","2023-09-02 05:30:00"
"U0036",2023-09-03 08:58:29,"2023-09-02 04:00:00","2023-09-02 21:00:00"
"U0272",2023-09-03 09:02:08,"2023-09-01 03:00:00","2023-09-01 23:00:00"
"U0136",2023-09-03 09:35:52,"2023-09-02 01:30:00","2023-09-02 21:00:00"
"U0167",2023-09-03 09:42:40,"2023-09-02","2023-09-02 07:30:00"
"U0230",2023-09-03 10:00:13,"2023-09-01 08:00:00","2023-09-01 11:00:00"
"U0151",2023-09-03 10:05:29,"2023-09-01 03:00:00","2023-09-01 12:00:00"
"U0135",2023-09-03 10:18:02,"2023-09-02 22:30:00","2023-09-03 02:00:00"
"U0125",2023-09-03 10:23:20,"2023-09-01 08:00:00","2023-09-02 03:00:00"
"U0048",2023-09-03 10:29:00,"2023-09-01 06:00:00","2023-09-01 14:30:00"
"U0097",2023-09-03 10:34:33,"2023-09-02 10:30:00","2023-09-03 10:00:00"
"U0300",2023-09-03 10:36:23,"2023-09-02 02:30:00","2023-09-02 14:00:00"
"U0204",2023-09-03 10:41:40,"2023-09-02 05:00:00","2023-09-02 14:30:00"
"U0048",2023-09-03 10:56:14,"2023-09-01 11:30:00","2023-09-01 21:30:00"
"U0019",2023-09-03 10:57:39,"2023-09-01 01:30:00","2023-09-01 13:30:00"
"U0147",2023-09-03 11:01:00,"2023-09-01 11:00:00","2023-09-01 19:30:00"
"U0270",2023-09-03 11:21:35,"2023-09-01 10:30:00","2023-09-01 15:00:00"
"U0157",2023-09-03 11:40:38,"2023-09-01 01:30:00","2023-09-01 06:30:00"
"U0191",2023-09-03 11:54:39,"2023-09-01 03:00:00","2023-09-01 22:30:00"
"U0278",2023-09-03 12:02:58,"2023-09-01 16:30:00","2023-09-02 22:30:00"
"U0242",2023-09-03 12:04:01,"2023-09-01 03:00:00","2023-09-01 17:00:00"
"U0223",2023-09-03 12:20:14,"2023-09-01 10:30:00","2023-09-03 02:00:00"
"U0069",2023-09-03 12:40:50,"2023-09-01 08:00:00","2023-09-01 21:00:00"
"U0015",2023-09-03 12:45:23,"2023-09-01 17:00:00","2023-09-01 21:00:00"
"U0056",2023-09-03 12:49:00,"2023-09-01 06:30:00","2023-09-01 23:00:00"
"U0175",2023-09-03 13:08:13,"2023-09-01 21:30:00","2023-09-02 13:30:00"
"U0172",2023-09-03 13:16:35,"2023-09-02 11:30:00","2023-09-02 23:30:00"
"U0274",2023-09-03 13:17:48,"2023-09-01 20:30:00","2023-09-02 12:30:00"
"U0185",2023-09-03 13:20:54,"2023-09-01 08:00:00","2023-09-02 19:00:00"
"U0252",2023-09-03 13:36:48,"2023-09-01 14:00:00","2023-09-02 02:30:00"
"U0149",2023-09-03 14:00:35,"2023-09-01 01:30:00","2023-09-01 04:00:00"
"U0277",2023-09-03 14:05:02,"2023-09-01 22:30:00","2023-09-02 15:00:00"
"U0106",2023-09-03 14:40:11,"2023-09-01 02:00:00","2023-09-01 08:00:00"
"U0211",2023-09-03 14:47:56,"2023-09-01 07:00:00","2023-09-01 13:30:00"
"U0200",2023-09-03 14:54:10,"2023-09-03 04:30:00","2023-09-03 14:00:00"
"U0152",2023-09-03 15:14:13,"2023-09-01 09:30:00","2023-09-02 09:30:00"
"U0166",2023-09-03 15:32:59,"2023-09-02 13:30:00","2023-09-03 08:30:00"
"U0090",2023-09-03 15:34:47,"2023-09-01 08:00:00","2023-09-02 17:30:00"
"U0297",2023-09-03 16:01:02,"2023-09-01 16:00:00","2023-09-02 09:00:00"
"U0295",2023-09-03 16:03:52,"2023-09-01 18:00:00","2023-09-03 05:30:00"
"U0180",2023-09-03 16:27:43,"2023-09-01 09:30:00","2023-09-01 10:00:00"
"U0225",2023-09-03 16:31:03,"2023-09-02 03:30:00","2023-09-02 15:30:00"
"U0152",2023-09-03 16:43:34,"2023-09-03 01:30:00","2023-09-03 04:00:00"
"U0160",2023-09-03 17:16:58,"2023-09-01 23:30:00","2023-09-03 12:00:00"
"U0064",2023-09-03 17:20:19,"2023-09-03 04:30:00","2023-09-03 13:30:00"
"U0086",2023-09-03 17:20:49,"2023-09-01 07:00:00","2023-09-01 10:30:00"
"U0189",2023-09-03 17:33:04,"2023-09-01 01:30:00","2023-09-01 04:00:00"
"U0141",2023-09-03 17:46:30,"2023-09-01 02:00:00","2023-09-02 08:30:00"
"U0237",2023-09-03 17:56:07,"2023-09-01 20:00:00","2023-09-01 20:30:00"
"U0033",2023-09-03 17:57:14,"2023-09-02 10:30:00","2023-09-03 04:00:00"
"U0265",2023-09-03 18:10:13,"2023-09-01 10:00:00","2023-09-01 11:00:00"
"U0288",2023-09-03 18:39:13,"2023-09-02 07:00:00","2023-09-03 16:00:00"
"U0229",2023-09-03 19:11:14,"2023-09-01 11:00:00","2023-09-01 23:30:00"
"U0225",2023-09-03 19:33:21,"2023-09-01 04:00:00","2023-09-02 17:00:00"
"U0254",2023-09-03 20:11:11,"2023-09-02 18:00:00","2023-09-03 10:30:00"
"U0239",2023-09-03 20:21:27,"2023-09-01 08:00:00","2023-09-01 11:30:00"
"U0011",2023-09-03 21:01:41,"2023-09-02 06:00:00","2023-09-03 11:00:00"
"U0170",2023-09-03 21:24:10,"2023-09-03 15:00:00","2023-09-03 19:00:00"
"U0205",2023-09-03 21:31:30,"2023-09-01 07:30:00","2023-09-01 13:00:00"
"U0287",2023-09-03 21:44:33,"2023-09-02 13:30:00","2023-09-03 14:30:00"
"U0143",2023-09-03 21:54:26,"2023-09-01 13:00:00","2023-09-02 20:00:00"
"U0024",2023-09-03 21:58:11,"2023-09-01 06:00:00","2023-09-02 01:30:00"
"U0173",2023-09-03 22:09:19,"2023-09-02 02:00:00","2023-09-03 05:00:00"
"U0058",2023-09-03 22:14:32,"2023-09-01 07:00:00","2023-09-02 21:30:00"
"U0060",2023-09-03 22:42:31,"2023-09-02 21:00:00","2023-09-03 03:30:00"
"U0085",2023-09-03 22:45:58,"2023-09-01 23:00:00","2023-09-02 20:30:00"
"U0197",2023-09-03 22:54:00,"2023-09-01 19:30:00","2023-09-02 02:30:00"
"U0190",2023-09-03 22:54:05,"2023-09-03 03:30:00","2023-09-03 09:30:00"
"U0046",2023-09-03 22:59:31,"2023-09-01 01:30:00","2023-09-01 06:30:00"
"U0128",2023-09-03 23:09:47,"2023-09-01 01:30:00","2023-09-02 12:30:00"
"U0300",2023-09-03 23:52:19,"2023-09-01 01:30:00","2023-09-01 05:00:00"
"U0031",2023-09-03 23:57:30,"2023-09-01 06:00:00","2023-09-02 10:00:00"
"U0261",2023-09-04 00:02:48,"2023-09-01 07:00:00","2023-09-03 14:30:00"
"U0169",2023-09-04 00:11:08,"2023-09-03 04:00:00","2023-09-03 04:30:00"
"U0106",2023-09-04 00:25:20,"2023-09-01 03:00:00","2023-09-03 02:00:00"
"U0248",2023-09-04 00:35:14,"2023-09-01 03:30:00","2023-09-01 04:00:00"
"U0231",2023-09-04 00:41:12,"2023-09-02 15:00:00","2023-09-02 19:00:00"
"U0070",2023-09-04 01:04:09,"2023-09-02 06:00:00","2023-09-03 16:00:00"
"U0081",2023-09-04 01:44:51,"2023-09-01 22:30:00","2023-09-04 00:30:00"
"U0028",2023-09-04 01:47:44,"2023-09-02","2023-09-02 13:00:00"
"U0055",2023-09-04 01:53:41,"2023-09-01 13:00:00","2023-09-03 03:00:00"
"U0101",2023-09-04 01:54:33,"2023-09-02 08:00:00","2023-09-02 17:30:00"
"U0123",2023-09-04 02:06:49,"2023-09-01 12:00:00","2023-09-01 22:00:00"
"U0139",2023-09-04 02:25:50,"2023-09-01 07:30:00","2023-09-02 02:00:00"
"U0235",2023-09-04 03:10:27,"2023-09-03 14:00:00","2023-09-04 03:00:00"
"U0112",2023-09-04 03:30:24,"2023-09-01 14:00:00","2023-09-02 18:00:00"
"U0286",2023-09-04 03:47:38,"2023-09-01 20:00:00","2023-09-04 02:30:00"
"U0053",2023-09-04 03:58:59,"2023-09-01 07:30:00","2023-09-01 14:00:00"
"U0030",2023-09-04 04:13:01,"2023-09-01 04:00:00","2023-09-01 22:00:00"
"U0103",2023-09-04 04:55:11,"2023-09-02 09:30:00","2023-09-03 10:00:00"
"U0002",2023-09-04 05:04:34,"2023-09-01 11:00:00","2023-09-04 00:30:00"
"U0251",2023-09-04 05:22:36,"2023-09-03 08:00:00","2023-09-03 09:30:00"
"U0272",2023-09-04 06:47:59,"2023-09-03 08:30:00","2023-09-03 18:30:00"
"U0251",2023-09-04 06:51:15,"2023-09-02 19:30:00","2023-09-03 18:00:00"
"U0258",2023-09-04 06:54:43,"2023-09-01 18:30:00","2023-09-03 19:30:00"
"U0128",2023-09-04 06:58:58,"2023-09-01 08:00:00","2023-09-02 05:30:00"
"U0008",2023-09-04 07:02:08,"2023-09-02 12:30:00","2023-09-03 17:30:00"
"U0194",2023-09-04 07:11:22,"2023-09-01 06:00:00","2023-09-01 13:30:00"
"U0065",2023-09-04 07:12:48,"2023-09-01 09:00:00","2023-09-01 11:30:00"
"U0049",2023-09-04 07:17:11,"2023-09-03 01:00:00","2023-09-03 13:30:00"
"U0276",2023-09-04 07:21:51,"2023-09-01 03:00:00","2023-09-02 02:00:00"
"U0185",2023-09-04 07:31:54,"2023-09-02 21:30:00","2023-09-03 22:30:00"
"U0223",2023-09-04 07:49:16,"2023-09-03 07:30:00","2023-09-03 11:30:00"
"U0270",2023-09-04 07:55:48,"2023-09-01 01:00:00","2023-09-01 06:00:00"
"U0066",2023-09-04 08:25:17,"2023-09-01 04:30:00","2023-09-01 16:00:00"
"U0239",2023-09-04 08:26:30,"2023-09-02 20:30:00","2023-09-04 02:30:00"
"U0092",2023-09-04 08:37:48,"2023-09-01 04:30:00","2023-09-01 07:30:00"
"U0103",2023-09-04 09:15:13,"2023-09-01 03:00:00","2023-09-01 08:00:00"
"U0128",2023-09-04 09:16:29,"2023-09-02 12:30:00","2023-09-03 02:30:00"
"U0150",2023-09-04 09:27:32,"2023-09-01 17:30:00","2023-09-02 01:00:00"
"U0160",2023-09-04 09:35:35,"2023-09-01 10:00:00","2023-09-03 14:30:00"
"U0208",2023-09-04 09:36:19,"2023-09-01 02:00:00","2023-09-01 04:30:00"
"U0015",2023-09-04 09:51:22,"2023-09-01 01:30:00","2023-09-01 16:30:00"
"U0269",2023-09-04 09:55:33,"2023-09-01 05:00:00","2023-09-01 10:00:00"
"U0209",2023-09-04 10:09:39,"2023-09-01 15:30:00","2023-09-02 03:30:00"
"U0277",2023-09-04 10:10:12,"2023-09-02 11:00:00","2023-09-04 09:00:00"
"U0074",2023-09-04 10:19:30,"2023-09-01 02:30:00","2023-09-01 05:00:00"
"U0075",2023-09-04 10:40:05,"2023-09-01 22:00:00","2023-09-03 22:00:00"
"U0263",2023-09-04 11:15:12,"2023-09-02","2023-09-03 02:30:00"
"U0075",2023-09-04 11:18:13,"2023-09-01 07:00:00","2023-09-01 07:30:00"
"U0091",2023-09-04 11:33:31,"2023-09-01 07:00:00","2023-09-01 15:00:00"
"U0107",2023-09-04 11:35:34,"2023-09-01 03:00:00","2023-09-01 13:00:00"
"U0039",2023-09-04 11:49:27,"2023-09-03 05:00:00","2023-09-03 20:30:00"
"U0082",2023-09-04 12:20:49,"2023-09-01 11:30:00","2023-09-04 10:00:00"
"U0060",2023-09-04 12:24:07,"2023-09-03 06:00:00","2023-09-04 10:30:00"
"U0101",2023-09-04 12:46:57,"2023-09-01 02:30:00","2023-09-01 03:30:00"
"U0172",2023-09-04 13:02:30,"2023-09-02 15:30:00","2023-09-03 10:00:00"
"U0276",2023-09-04 13:14:49,"2023-09-01 01:00:00","2023-09-04 09:00:00"
"U0173",2023-09-04 13:16:23,"2023-09-02","2023-09-04 09:30:00"
"U0039",2023-09-04 14:05:43,"2023-09-01 08:00:00","2023-09-02 16:30:00"
"U0175",2023-09-04 14:15:09,"2023-09-04 02:30:00","2023-09-04 08:30:00"
"U0105",2023-09-04 14:34:00,"2023-09-01 14:30:00","2023-09-02 02:30:00"
"U0013",2023-09-04 14:51:16,"2023-09-01 08:00:00","2023-09-02 22:30:00"
"U0096",2023-09-04 14:58:16,"2023-09-03 03:30:00","2023-09-03 07:30:00"
"U0201",2023-09-04 15:28:25,"2023-09-02 18:30:00","2023-09-04 13:30:00"
"U0202",2023-09-04 15:42:44,"2023-09-02 12:30:00","2023-09-03 01:30:00"
"U0031",2023-09-04 15:48:04,"2023-09-02 12:30:00","2023-09-02 20:30:00"
"U0291",2023-09-04 16:11:02,"2023-09-01 20:00:00","2023-09-04 08:30:00"
"U0152",2023-09-04 16:19:10,"2023-09-01 02:00:00","2023-09-04 13:30:00"
"U0135",2023-09-04 16:48:30,"2023-09-03 13:00:00","2023-09-03 20:30:00"
"U0280",2023-09-04 16:49:20,"2023-09-02 00:30:00","2023-09-02 17:00:00"
"U0115",2023-09-04 16:50:29,"2023-09-01 12:00:00","2023-09-02 15:00:00"
"U0201",2023-09-04 17:06:09,"2023-09-01 23:30:00","2023-09-03 15:00:00"
"U0268",2023-09-04 17:06:13,"2023-09-01 12:30:00","2023-09-03 09:00:00"
"U0089",2023-09-04 17:41:07,"2023-09-01 02:30:00","2023-09-02 06:30:00"
"U0258",2023-09-04 17:51:15,"2023-09-01 20:30:00","2023-09-03 23:30:00"
"U0145",2023-09-04 18:00:23,"2023-09-01 03:00:00","2023-09-02 16:30:00"
"U0015",2023-09-04 18:10:42,"2023-09-03 01:00:00","2023-09-03 10:00:00"
"U0195",2023-09-04 18:52:00,"2023-09-02 23:00:00","2023-09-04 16:30:00"
"U0267",2023-09-04 19:10:14,"2023-09-01 15:30:00","2023-09-02 01:00:00"
"U0048",2023-09-04 19:38:36,"2023-09-02 01:30:00","2023-09-03 17:30:00"
"U0241",2023-09-04 20:32:07,"2023-09-01 05:00:00","2023-09-01 05:30:00"
"U0284",2023-09-04 20:34:32,"2023-09-01 07:30:00","2023-09-03 23:30:00"
"U0028",2023-09-04 20:44:05,"2023-09-02 16:00:00","2023-09-03 10:30:00"
"U0111",2023-09-04 20:49:52,"2023-09-02 04:00:00","2023-09-03 09:30:00"
"U0161",2023-09-04 21:43:03,"2023-09-01 03:30:00","2023-09-01 11:30:00"
"U0122",2023-09-04 22:12:22,"2023-09-01 12:00:00","2023-09-01 16:30:00"
"U0247",2023-09-04 22:19:20,"2023-09-01 06:00:00","2023-09-02 08:30:00"
"U0300",2023-09-04 22:43:35,"2023-09-02 07:30:00","2023-09-04 11:00:00"
"U0180",2023-09-04 22:55:53,"2023-09-02 06:00:00","2023-09-04 04:30:00"
"U0237",2023-09-04 23:05:27,"2023-09-01 21:00:00","2023-09-03 08:30:00"
"U0118",2023-09-04 23:18:48,"2023-09-01 02:00:00","2023-09-01 18:30:00"
"U0044",2023-09-04 23:19:00,"2023-09-01 20:30:00","2023-09-02 03:00:00"
"U0298",2023-09-04 23:24:37,"2023-09-01 11:30:00","2023-09-02 01:00:00"
"U0208",2023-09-04 23:40:13,"2023-09-02 23:00:00","2023-09-03 11:00:00"
"U0240",2023-09-04 23:49:53,"2023-09-01 15:00:00","2023-09-03 03:00:00"
"U0209",2023-09-05 00:02:31,"2023-09-01 12:30:00","2023-09-01 16:00:00"
"U0279",2023-09-05 00:02:55,"2023-09-01 04:30:00","2023-09-01 11:30:00"
"U0028",2023-09-05 00:36:05,"2023-09-01 10:00:00","2023-09-01 14:30:00"
"U0101",2023-09-05 00:56:42,"2023-09-01 05:30:00","2023-09-04 10:00:00"
"U0293",2023-09-05 01:18:47,"2023-09-02 22:30:00","2023-09-03 02:00:00"
"U0291",2023-09-05 01:35:38,"2023-09-02 07:00:00","2023-09-02 21:00:00"
"U0220",2023-09-05 01:43:26,"2023-09-01 09:00:00","2023-09-02 11:30:00"
"U0218",2023-09-05 01:47:34,"2023-09-03 02:00:00","2023-09-03 07:00:00"
"U0157",2023-09-05 01:48:23,"2023-09-02 18:00:00","2023-09-04 02:30:00"
"U0250",2023-09-05 01:57:35,"2023-09-01 09:30:00","2023-09-01 22:30:00"
"U0106",2023-09-05 02:01:39,"2023-09-02 00:30:00","2023-09-02 21:00:00"
"U0137",2023-09-05 02:11:10,"2023-09-01 10:30:00","2023-09-03 09:00:00"
"U0276",2023-09-05 02:52:25,"2023-09-01 14:30:00","2023-09-04 12:00:00"
"U0119",2023-09-05 03:27:06,"2023-09-01 01:00:00","2023-09-02 14:30:00"
"U0130",2023-09-05 03:35:16,"2023-09-01 06:00:00","2023-09-01 11:30:00"
"U0071",2023-09-05 03:48:33,"2023-09-02","2023-09-04 02:00:00"
"U0287",2023-09-05 03:54:10,"2023-09-01 05:30:00","2023-09-01 06:00:00"
"U0080",2023-09-05 03:58:13,"2023-09-04","2023-09-05 03:00:00"
"U0163",2023-09-05 04:14:53,"2023-09-01 15:00:00","2023-09-02 02:00:00"
"U0001",2023-09-05 04:20:03,"2023-09-01 11:00:00","2023-09-02 14:30:00"
"U0104",2023-09-05 04:23:47,"2023-09-01 12:00:00","2023-09-01 13:00:00"
"U0052",2023-09-05 04:54:50,"2023-09-02 23:30:00","2023-09-03 13:00:00"
"U0248",2023-09-05 05:13:51,"2023-09-01 03:00:00","2023-09-01 10:00:00"
"U0182",2023-09-05 05:17:08,"2023-09-01 23:30:00","2023-09-02 01:00:00"
"U0039",2023-09-05 05:30:15,"2023-09-01 01:00:00","2023-09-01 03:30:00"
"U0012",2023-09-05 05:32:07,"2023-09-04 11:30:00","2023-09-05 03:00:00"
"U0260",2023-09-05 05:51:51,"2023-09-01 19:00:00","2023-09-01 20:00:00"
"U0247",2023-09-05 05:56:16,"2023-09-01 22:00:00","2023-09-01 22:30:00"
"U0246",2023-09-05 06:14:04,"2023-09-01 16:30:00","2023-09-02 00:30:00"
"U0009",2023-09-05 06:16:35,"2023-09-02 11:00:00","2023-09-02 22:30:00"
"U0112",2023-09-05 06:32:25,"2023-09-01 11:00:00","2023-09-01 17:30:00"
"U0270",2023-09-05 06:39:43,"2023-09-02 02:00:00","2023-09-04 13:30:00"
"U0039",2023-09-05 06:42:24,"2023-09-01 02:00:00","2023-09-01 07:00:00"
"U0172",2023-09-05 06:42:28,"2023-09-01 16:30:00","2023-09-01 17:00:00"
"U0119",2023-09-05 06:57:03,"2023-09-03 22:30:00","2023-09-04 04:30:00"
"U0261",2023-09-05 07:43:18,"2023-09-01 12:30:00","2023-09-03 23:30:00"
"U0125",2023-09-05 07:49:15,"2023-09-03 03:30:00","2023-09-03 16:00:00"
"U0290",2023-09-05 08:04:05,"2023-09-02 07:00:00","2023-09-02 16:30:00"
"U0256",2023-09-05 08:29:58,"2023-09-03 12:30:00","2023-09-04 21:00:00"
"U0195",2023-09-05 09:06:50,"2023-09-01 05:00:00","2023-09-05 08:30:00"
"U0109",2023-09-05 09:16:55,"2023-09-02 14:30:00","2023-09-04 11:30:00"
"U0138",2023-09-05 09:57:13,"2023-09-02 19:00:00","2023-09-05 03:30:00"
"U0240",2023-09-05 10:02:25,"2023-09-05 00:30:00","2023-09-05 02:00:00"
"U0292",2023-09-05 10:25:45,"2023-09-02 02:00:00","2023-09-02 13:30:00"
"U0241",2023-09-05 10:48:08,"2023-09-03 13:30:00","2023-09-04 20:30:00"
"U0123",2023-09-05 11:05:20,"2023-09-01 11:00:00","2023-09-01 14:00:00"
"U0066",2023-09-05 11:10:41,"2023-09-03 23:30:00","2023-09-04 16:00:00"
"U0070",2023-09-05 11:21:54,"2023-09-01 21:00:00","2023-09-04 12:30:00"
"U0212",2023-09-05 11:26:08,"2023-09-02 10:30:00","2023-09-02 12:00:00"
"U0151",2023-09-05 11:59:18,"2023-09-02 23:30:00","2023-09-03 12:00:00"
"U0104",2023-09-05 12:27:00,"2023-09-01 13:00:00","2023-09-01 20:00:00"
"U0239",2023-09-05 12:31:57,"2023-09-01 14:00:00","2023-09-04 06:00:00"
"U0159",2023-09-05 12:43:37,"2023-09-01 12:30:00","2023-09-04 15:00:00"
"U0260",2023-09-05 12:45:28,"2023-09-03 12:30:00","2023-09-03 15:30:00"
"U0163",2023-09-05 13:05:28,"2023-09-02 08:00:00","2023-09-04 20:30:00"
"U0016",2023-09-05 13:34:34,"2023-09-04 10:30:00","2023-09-04 19:30:00"
"U0031",2023-09-05 14:03:49,"2023-09-02 20:00:00","2023-09-02 20:30:00"
"U0143",2023-09-05 14:06:57,"2023-09-03 01:30:00","2023-09-03 16:30:00"
"U0179",2023-09-05 14:07:36,"2023-09-02 22:00:00","2023-09-03 00:30:00"
"U0181",2023-09-05 14:09:27,"2023-09-01 14:00:00","2023-09-02 08:30:00"
"U0202",2023-09-05 14:13:17,"2023-09-01 17:00:00","2023-09-05 07:30:00"
"U0226",2023-09-05 14:37:14,"2023-09-01 14:00:00","2023-09-02 03:30:00"
"U0122",2023-09-05 15:07:08,"2023-09-04 19:00:00","2023-09-05 10:30:00"
"U0210",2023-09-05 15:15:02,"2023-09-03 02:00:00","2023-09-04 10:00:00"
"U0017",2023-09-05 15:26:38,"2023-09-02 15:30:00","2023-09-04 03:30:00"
"U0128",2023-09-05 15:48:53,"2023-09-02 17:30:00","2023-09-03 08:00:00"
"U0168",2023-09-05 15:54:13,"2023-09-02 07:30:00","2023-09-04 14:30:00"
"U0080",2023-09-05 15:55:25,"2023-09-04 20:00:00","2023-09-05 04:00:00"
"U0118",2023-09-05 16:55:02,"2023-09-02 02:30:00","2023-09-02 17:00:00"
"U0255",2023-09-05 17:38:22,"2023-09-01 09:30:00","2023-09-02 04:00:00"
"U0175",2023-09-05 17:40:17,"2023-09-02 09:30:00","2023-09-02 23:30:00"
"U0059",2023-09-05 17:44:42,"2023-09-01 02:00:00","2023-09-02 15:30:00"
"U0184",2023-09-05 18:09:57,"2023-09-03 10:30:00","2023-09-03 21:00:00"
"U0291",2023-09-05 18:49:05,"2023-09-02 15:00:00","2023-09-04 14:00:00"
"U0289",2023-09-05 19:18:24,"2023-09-01 08:30:00","2023-09-04 05:00:00"
"U0038",2023-09-05 19:56:33,"2023-09-02 10:30:00","2023-09-05 13:30:00"
"U0026",2023-09-05 19:58:40,"2023-09-01 01:00:00","2023-09-05 09:30:00"
"U0111",2023-09-05 20:17:46,"2023-09-01 22:30:00","2023-09-02 13:30:00"
"U0214",2023-09-05 20:20:25,"2023-09-03 19:00:00","2023-09-05 02:30:00"
"U0222",2023-09-05 20:49:07,"2023-09-01 14:30:00","2023-09-01 19:00:00"
"U0248",2023-09-05 20:52:30,"2023-09-01 02:00:00","2023-09-01 20:30:00"
"U0290",2023-09-05 21:02:30,"2023-09-01 11:30:00","2023-09-04 19:30:00"
"U0210",2023-09-05 21:18:14,"2023-09-04 01:30:00","2023-09-05 17:30:00"
"U0213",2023-09-05 21:51:48,"2023-09-02 06:00:00","2023-09-02 09:30:00"
"U0238",2023-09-05 22:08:06,"2023-09-03 20:00:00","2023-09-05 10:30:00"
"U0234",2023-09-05 22:13:50,"2023-09-03 15:00:00","2023-09-04 19:30:00"
"U0029",2023-09-05 22:19:10,"2023-09-02 04:00:00","2023-09-04 19:00:00"
"U0282",2023-09-05 22:24:43,"2023-09-01 11:30:00","2023-09-04 19:00:00"
"U0101",2023-09-05 22:31:26,"2023-09-01 04:30:00","2023-09-03 05:00:00"
"U0238",2023-09-05 22:38:49,"2023-09-01 05:00:00","2023-09-02 20:00:00"
"U0052",2023-09-05 22:39:22,"2023-09-01 15:30:00","2023-09-03 17:00:00"
"U0094",2023-09-05 22:45:50,"2023-09-03 07:30:00","2023-09-03 17:30:00"
"U0087",2023-09-05 22:51:42,"2023-09-02 20:00:00","2023-09-03 22:00:00"
"U0199",2023-09-05 23:15:37,"2023-09-05 06:30:00","2023-09-05 12:00:00"
"U0124",2023-09-05 23:51:00,"2023-09-03 23:00:00","2023-09-04 16:30:00"
"U0270",2023-09-05 23:59:44,"2023-09-02 00:30:00","2023-09-04 08:00:00"
"U0290",2023-09-06 00:15:30,"2023-09-01 16:30:00","2023-09-02 06:00:00"
"U0133",2023-09-06 00:39:15,"2023-09-01 07:30:00","2023-09-01 16:00:00"
"U0093",2023-09-06 00:41:53,"2023-09-04 11:00:00","2023-09-04 12:30:00"
"U0140",2023-09-06 01:11:04,"2023-09-01 02:30:00","2023-09-05 15:00:00"
"U0129",2023-09-06 01:47:17,"2023-09-01 14:30:00","2023-09-01 17:00:00"
"U0081",2023-09-06 01:53:04,"2023-09-03 23:30:00","2023-09-04 08:00:00"
"U0292",2023-09-06 01:56:08,"2023-09-02 04:00:00","2023-09-02 07:30:00"
"U0249",2023-09-06 02:50:18,"2023-09-01 10:30:00","2023-09-01 12:00:00"
"U0065",2023-09-06 03:06:07,"2023-09-02 13:00:00","2023-09-02 22:30:00"
"U0126",2023-09-06 03:11:04,"2023-09-01 17:30:00","2023-09-03 08:30:00"
"U0145",2023-09-06 03:25:22,"2023-09-01 23:00:00","2023-09-02 01:00:00"
"U0110",2023-09-06 03:31:28,"2023-09-05 04:30:00","2023-09-05 21:30:00"
"U0278",2023-09-06 03:48:56,"2023-09-01 03:30:00","2023-09-01 12:30:00"
"U0029",2023-09-06 04:40:28,"2023-09-05 06:00:00","2023-09-05 16:30:00"
"U0181",2023-09-06 04:55:55,"2023-09-02 09:00:00","2023-09-05 03:30:00"
"U0148",2023-09-06 05:21:20,"2023-09-02 03:00:00","2023-09-03 09:30:00"
"U0174",2023-09-06 05:24:21,"2023-09-01 01:00:00","2023-09-03 08:00:00"
"U0256",2023-09-06 05:37:40,"2023-09-04 03:00:00","2023-09-04 08:00:00"
"U0106",2023-09-06 05:47:34,"2023-09-02 20:00:00","2023-09-03 20:00:00"
"U0183",2023-09-06 06:14:57,"2023-09-02 18:00:00","2023-09-04 04:30:00"
"U0292",2023-09-06 06:16:00,"2023-09-01 03:30:00","2023-09-03 22:30:00"
"U0047",2023-09-06 06:31:39,"2023-09-04 13:30:00","2023-09-05 00:30:00"
"U0073",2023-09-06 06:32:39,"2023-09-01 06:30:00","2023-09-03 05:00:00"
"U0046",2023-09-06 06:56:34,"2023-09-02","2023-09-03 04:30:00"
"U0138",2023-09-06 07:13:31,"2023-09-03 02:00:00","2023-09-05 00:30:00"
"U0026",2023-09-06 07:18:19,"2023-09-01 09:30:00","2023-09-03 20:00:00"
"U0259",2023-09-06 07:25:28,"2023-09-03 16:30:00","2023-09-05 09:30:00"
"U0103",2023-09-06 08:29:08,"2023-09-01 01:00:00","2023-09-01 18:00:00"
"U0167",2023-09-06 08:31:19,"2023-09-02 08:30:00","2023-09-05 03:00:00"
"U0287",2023-09-06 08:38:07,"2023-09-02 15:00:00","2023-09-02 15:30:00"
"U0086",2023-09-06 08:45:03,"2023-09-04 12:30:00","2023-09-04 16:00:00"
"U0038",2023-09-06 08:58:32,"2023-09-01 01:00:00","2023-09-01 12:00:00"
"U0036",2023-09-06 09:12:48,"2023-09-01 04:00:00","2023-09-01 15:00:00"
"U0114",2023-09-06 09:20:50,"2023-09-01 19:00:00","2023-09-02 14:30:00"
"U0239",2023-09-06 09:33:59,"2023-09-01 11:00:00","2023-09-03 01:30:00"
"U0075",2023-09-06 10:34:53,"2023-09-01 19:30:00","2023-09-02 08:30:00"
"U0262",2023-09-06 10:44:02,"2023-09-01 22:00:00","2023-09-05 15:30:00"
"U0008",2023-09-06 11:18:00,"2023-09-01 02:30:00","2023-09-01 21:30:00"
"U0093",2023-09-06 11:26:17,"2023-09-01 10:30:00","2023-09-02 03:30:00"
"U0020",2023-09-06 11:36:07,"2023-09-04 03:00:00","2023-09-04 06:00:00"
"U0253",2023-09-06 12:16:33,"2023-09-03 04:30:00","2023-09-03 06:00:00"
"U0282",2023-09-06 12:25:48,"2023-09-01 11:00:00","2023-09-01 23:30:00"
"U0237",2023-09-06 12:38:52,"2023-09-01 03:00:00","2023-09-03 03:30:00"
"U0165",2023-09-06 12:43:00,"2023-09-05 05:00:00","2023-09-05 12:00:00"
"U0120",2023-09-06 13:49:43,"2023-09-03 20:30:00","2023-09-06 02:30:00"
"U0022",2023-09-06 14:10:36,"2023-09-04 09:30:00","2023-09-05 18:00:00"
"U0097",2023-09-06 15:00:48,"2023-09-02 00:30:00","2023-09-04 17:30:00"
"U0054",2023-09-06 15:15:26,"2023-09-01 13:00:00","2023-09-06 04:30:00"
"U0005",2023-09-06 15:36:13,"2023-09-02 08:00:00","2023-09-06 14:30:00"
"U0124",2023-09-06 15:53:16,"2023-09-03 14:00:00","2023-09-05 21:00:00"
"U0104",2023-09-06 16:07:19,"2023-09-01 06:30:00","2023-09-01 13:00:00"
"U0204",2023-09-06 16:56:18,"2023-09-01 04:00:00","2023-09-02 15:30:00"
"U0259",2023-09-06 17:01:57,"2023-09-02 01:00:00","2023-09-06 12:00:00"
"U0226",2023-09-06 17:42:21,"2023-09-01 01:00:00","2023-09-02 11:30:00"
"U0300",2023-09-06 18:30:50,"2023-09-01 05:30:00","2023-09-02 18:00:00"
"U0257",2023-09-06 18:34:41,"2023-09-01 14:30:00","2023-09-03 01:30:00"
"U0154",2023-09-06 19:54:39,"2023-09-01 05:30:00","2023-09-01 06:00:00"
"U0018",2023-09-06 20:01:41,"2023-09-01 10:30:00","2023-09-02 02:30:00"
"U0068",2023-09-06 20:09:51,"2023-09-01 12:30:00","2023-09-02 23:00:00"
"U0095",2023-09-06 20:21:34,"2023-09-06 04:30:00","2023-09-06 14:30:00"
"U0105",2023-09-06 20:30:16,"2023-09-01 20:00:00","2023-09-05 20:30:00"
"U0072",2023-09-06 20:44:34,"2023-09-01 10:30:00","2023-09-03 02:30:00"
"U0292",2023-09-06 21:12:53,"2023-09-01 04:30:00","2023-09-01 06:00:00"
"U0240",2023-09-06 21:18:51,"2023-09-01 18:30:00","2023-09-04 00:30:00"
"U0034",2023-09-06 21:28:40,"2023-09-02 20:00:00","2023-09-03 11:00:00"
"U0013",2023-09-06 21:52:47,"2023-09-04 14:00:00","2023-09-05 21:30:00"
"U0092",2023-09-06 22:20:57,"2023-09-01 03:00:00","2023-09-02 14:30:00"
"U0290",2023-09-06 22:38:30,"2023-09-02 22:00:00","2023-09-04 05:30:00"
"U0004",2023-09-06 23:14:50,"2023-09-01 11:30:00","2023-09-01 13:00:00"
"U0038",2023-09-06 23:21:29,"2023-09-06 10:30:00","2023-09-06 12:00:00"
"U0046",2023-09-07 00:07:06,"2023-09-03 07:30:00","2023-09-05 07:00:00"
"U0239",2023-09-07 00:20:58,"2023-09-01 13:00:00","2023-09-05 16:00:00"
"U0232",2023-09-07 01:24:28,"2023-09-02 04:00:00","2023-09-02 07:00:00"
"U0078",2023-09-07 01:28:53,"2023-09-01 05:00:00","2023-09-01 15:00:00"
"U0134",2023-09-07 01:29:07,"2023-09-02 22:30:00","2023-09-04 08:30:00"
"U0078",2023-09-07 01:33:57,"2023-09-04 21:30:00","2023-09-05 21:00:00"
"U0268",2023-09-07 01:37:24,"2023-09-03 13:30:00","2023-09-04 15:30:00"
"U0217",2023-09-07 01:46:39,"2023-09-03 12:30:00","2023-09-04 01:30:00"
"U0228",2023-09-07 02:16:48,"2023-09-02 15:00:00","2023-09-06 07:00:00"
"U0289",2023-09-07 02:39:55,"2023-09-04 11:30:00","2023-09-05 03:00:00"
"U0176",2023-09-07 02:44:40,"2023-09-01 03:30:00","2023-09-06 12:30:00"
"U0165",2023-09-07 02:51:55,"2023-09-04 21:30:00","2023-09-05 03:00:00"
"U0192",2023-09-07 02:58:48,"2023-09-01 06:30:00","2023-09-01 11:30:00"
"U0060",2023-09-07 03:02:46,"2023-09-03 06:00:00","2023-09-03 11:00:00"
"U0099",2023-09-07 03:15:16,"2023-09-03 19:00:00","2023-09-04 01:00:00"
"U0108",2023-09-07 03:29:52,"2023-09-04 18:30:00","2023-09-06 02:00:00"
"U0151",2023-09-07 03:53:01,"2023-09-01 08:30:00","2023-09-03 15:00:00"
"U0264",2023-09-07 04:20:41,"2023-09-01 09:30:00","2023-09-02 12:00:00"
"U0081",2023-09-07 04:58:38,"2023-09-01 10:00:00","2023-09-01 10:30:00"
"U0256",2023-09-07 05:17:54,"2023-09-01 06:00:00","2023-09-01 22:00:00"
"U0028",2023-09-07 05:41:38,"2023-09-03 07:30:00","2023-09-04 23:00:00"
"U0041",2023-09-07 05:57:00,"2023-09-01 03:30:00","2023-09-01 06:30:00"
"U0244",2023-09-07 06:21:46,"2023-09-01 12:00:00","2023-09-02 09:00:00"
"U0285",2023-09-07 06:40:21,"2023-09-01 14:00:00","2023-09-03 16:30:00"
"U0278",2023-09-07 07:05:50,"2023-09-02 20:30:00","2023-09-05 19:30:00"
"U0196",2023-09-07 07:47:15,"2023-09-01 18:00:00","2023-09-02 02:30:00"
"U0218",2023-09-07 07:54:55,"2023-09-04 05:30:00","2023-09-04 11:00:00"
"U0133",2023-09-07 07:58:29,"2023-09-01 08:30:00","2023-09-01 15:30:00"
"U0011",2023-09-07 09:08:20,"2023-09-02 05:30:00","2023-09-05 00:30:00"
"U0188",2023-09-07 09:19:04,"2023-09-01 13:30:00","2023-09-02 06:00:00"
"U0096",2023-09-07 09:22:54,"2023-09-05 03:00:00","2023-09-07 03:00:00"
"U0015",2023-09-07 09:59:05,"2023-09-01 16:30:00","2023-09-03 01:30:00"
"U0227",2023-09-07 10:08:46,"2023-09-02 23:00:00","2023-09-05 04:30:00"
"U0079",2023-09-07 10:32:23,"2023-09-01 05:00:00","2023-09-01 09:30:00"
"U0055",2023-09-07 10:32:58,"2023-09-05 10:00:00","2023-09-07 00:30:00"
"U0102",2023-09-07 10:56:18,"2023-09-02 18:30:00","2023-09-06 11:00:00"
"U0114",2023-09-07 11:04:40,"2023-09-01 20:00:00","2023-09-02 00:30:00"
"U0038",2023-09-07 11:17:56,"2023-09-01 08:00:00","2023-09-07 02:30:00"
"U0039",2023-09-07 11:23:59,"2023-09-01 03:30:00","2023-09-05 03:30:00"
"U0137",2023-09-07 11:33:58,"2023-09-02 11:30:00","2023-09-03 19:00:00"
"U0089",2023-09-07 11:36:05,"2023-09-04","2023-09-06 16:00:00"
"U0127",2023-09-07 12:01:22,"2023-09-01 10:30:00","2023-09-05 04:30:00"
"U0131",2023-09-07 12:16:33,"2023-09-02 11:30:00","2023-09-02 19:00:00"
"U0115",2023-09-07 12:17:56,"2023-09-02 11:30:00","2023-09-03 13:30:00"
"U0141",2023-09-07 12:19:50,"2023-09-04 01:00:00","2023-09-04 02:00:00"
"U0258",2023-09-07 12:44:27,"2023-09-02 18:00:00","2023-09-03 23:00:00"
"U0050",2023-09-07 13:04:45,"2023-09-03 16:00:00","2023-09-05 07:00:00"
"U0215",2023-09-07 13:12:59,"2023-09-02 07:00:00","2023-09-02 21:00:00"
"U0055",2023-09-07 13:54:19,"2023-09-01 19:00:00","2023-09-02 03:00:00"
"U0070",2023-09-07 14:07:01,"2023-09-02 14:00:00","2023-09-03 01:00:00"
"U0068",2023-09-07 14:10:18,"2023-09-02 12:00:00","2023-09-07 12:30:00"
"U0082",2023-09-07 14:20:57,"2023-09-02 08:30:00","2023-09-07 02:30:00"
"U0264",2023-09-07 14:25:05,"2023-09-03 03:00:00","2023-09-05 04:30:00"
"U0273",2023-09-07 15:49:58,"2023-09-02 17:00:00","2023-09-03 13:00:00"
"U0272",2023-09-07 15:55:59,"2023-09-01 06:00:00","2023-09-01 08:00:00"
"U0048",2023-09-07 15:59:09,"2023-09-01 01:00:00","2023-09-01 03:30:00"
"U0075",2023-09-07 16:21:06,"2023-09-04 09:30:00","2023-09-04 15:00:00"
"U0116",2023-09-07 16:25:56,"2023-09-01 02:00:00","2023-09-02 00:30:00"
"U0020",2023-09-07 16:56:50,"2023-09-02 04:00:00","2023-09-03 02:30:00"
"U0144",2023-09-07 17:15:04,"2023-09-02 13:00:00","2023-09-04 07:30:00"
"U0242",2023-09-07 17:38:40,"2023-09-01 21:30:00","2023-09-02 05:00:00"
"U0182",2023-09-07 17:41:11,"2023-09-04 21:30:00","2023-09-07 01:00:00"
"U0048",2023-09-07 17:54:58,"2023-09-04 01:30:00","2023-09-07 01:30:00"
"U0228",2023-09-07 17:56:56,"2023-09-03 05:00:00","2023-09-04 12:00:00"
"U0173",2023-09-07 18:08:15,"2023-09-03 01:00:00","2023-09-03 23:00:00"
"U0287",2023-09-07 18:14:30,"2023-09-04 12:00:00","2023-09-06 21:30:00"
"U0045",2023-09-07 18:28:32,"2023-09-01 07:30:00","2023-09-05 08:00:00"
"U0241",2023-09-07 18:49:54,"2023-09-01 17:00:00","2023-09-04 08:30:00"
"U0158",2023-09-07 19:16:49,"2023-09-01 02:30:00","2023-09-01 23:30:00"
"U0287",2023-09-07 19:46:47,"2023-09-05 23:30:00","2023-09-06 14:00:00"
"U0140",2023-09-07 20:08:57,"2023-09-01 20:30:00","2023-09-02 04:30:00"
"U0183",2023-09-07 20:37:20,"2023-09-02 22:30:00","2023-09-05 14:30:00"
"U0039",2023-09-07 20:39:13,"2023-09-01 08:00:00","2023-09-02 02:30:00"
"U0211",2023-09-07 21:03:32,"2023-09-02 01:00:00","2023-09-04 19:30:00"
"U0252",2023-09-07 21:14:40,"2023-09-02 22:00:00","2023-09-04 07:00:00"
"U0156",2023-09-07 21:17:35,"2023-09-01 02:30:00","2023-09-06 19:30:00"
"U0235",2023-09-07 21:40:51,"2023-09-02 02:30:00","2023-09-04 16:00:00"
"U0221",2023-09-07 21:48:28,"2023-09-02 02:00:00","2023-09-06 22:30:00"
"U0023",2023-09-07 22:34:49,"2023-09-05 14:00:00","2023-09-07 19:30:00"
"U0265",2023-09-07 23:04:38,"2023-09-02 07:30:00","2023-09-03 10:30:00"
"U0268",2023-09-07 23:48:19,"2023-09-01 21:30:00","2023-09-02 10:00:00"
"U0093",2023-09-07 23:49:14,"2023-09-03 08:30:00","2023-09-07 19:00:00"
"U0098",2023-09-08 00:14:46,"2023-09-01 15:00:00","2023-09-04 00:30:00"
"U0065",2023-09-08 00:19:22,"2023-09-01 11:00:00","2023-09-01 22:00:00"
"U0250",2023-09-08 00:22:39,"2023-09-02 12:30:00","2023-09-04 18:00:00"
"U0017",2023-09-08 00:41:01,"2023-09-03 04:00:00","2023-09-05 05:00:00"
"U0132",2023-09-08 01:13:15,"2023-09-03 12:00:00","2023-09-04 02:30:00"
"U0007",2023-09-08 01:25:25,"2023-09-01 04:00:00","2023-09-01 19:30:00"
"U0054",2023-09-08 01:33:15,"2023-09-01 03:30:00","2023-09-04 23:30:00"
"U0275",2023-09-08 01:33:37,"2023-09-04 15:00:00","2023-09-04 16:30:00"
"U0164",2023-09-08 01:41:45,"2023-09-02 18:30:00","2023-09-03 08:00:00"
"U0286",2023-09-08 02:07:13,"2023-09-01 15:30:00","2023-09-05 21:00:00"
"U0078",2023-09-08 02:08:55,"2023-09-01 16:00:00","2023-09-03 16:30:00"
"U0133",2023-09-08 02:19:29,"2023-09-02 18:30:00","2023-09-03 08:30:00"
"U0246",2023-09-08 02:20:28,"2023-09-01 03:00:00","2023-09-01 20:30:00"
"U0182",2023-09-08 02:22:44,"2023-09-02","2023-09-03 05:30:00"
"U0075",2023-09-08 02:29:12,"2023-09-01 19:30:00","2023-09-02 23:30:00"
"U0264",2023-09-08 02:47:45,"2023-09-01 22:00:00","2023-09-04 20:00:00"
"U0159",2023-09-08 02:48:05,"2023-09-04 17:30:00","2023-09-05 12:00:00"
"U0182",2023-09-08 03:08:35,"2023-09-01 06:30:00","2023-09-01 07:30:00"
"U0107",2023-09-08 03:36:49,"2023-09-03 16:00:00","2023-09-04 18:00:00"
"U0268",2023-09-08 03:40:43,"2023-09-01 08:00:00","2023-09-02 15:00:00"
"U0019",2023-09-08 04:31:50,"2023-09-02 02:30:00","2023-09-04 04:00:00"
"U0044",2023-09-08 04:37:25,"2023-09-02 09:00:00","2023-09-02 11:30:00"
"U0010",2023-09-08 04:49:15,"2023-09-06 12:30:00","2023-09-07 07:00:00"
"U0220",2023-09-08 05:00:39,"2023-09-01 23:30:00","2023-09-05 21:30:00"
"U0011",2023-09-08 05:11:23,"2023-09-01 05:30:00","2023-09-02 10:30:00"
"U0120",2023-09-08 05:45:53,"2023-09-01 15:00:00","2023-09-02 00:30:00"
"U0110",2023-09-08 06:03:27,"2023-09-01 13:30:00","2023-09-06 18:00:00"
"U0215",2023-09-08 06:10:34,"2023-09-04 07:30:00","2023-09-06 17:00:00"
"U0254",2023-09-08 06:22:56,"2023-09-02 08:00:00","2023-09-02 15:00:00"
"U0189",2023-09-08 06:34:53,"2023-09-02 07:00:00","2023-09-07 18:00:00"
"U0165",2023-09-08 06:56:45,"2023-09-01 03:30:00","2023-09-01 08:30:00"
"U0124",2023-09-08 06:57:01,"2023-09-01 09:30:00","2023-09-06 21:30:00"
"U0120",2023-09-08 07:19:21,"2023-09-01 08:00:00","2023-09-02 17:00:00"
"U0158",2023-09-08 07:52:36,"2023-09-02 10:30:00","2023-09-05 01:00:00"
"U0033",2023-09-08 08:02:26,"2023-09-03 05:00:00","2023-09-05 06:00:00"
"U0198",2023-09-08 08:49:45,"2023-09-01 07:30:00","2023-09-03 10:00:00"
"U0066",2023-09-08 08:57:39,"2023-09-01 16:00:00","2023-09-01 22:30:00"
"U0209",2023-09-08 09:10:48,"2023-09-02 14:00:00","2023-09-05 01:30:00"
"U0100",2023-09-08 09:19:24,"2023-09-05 08:30:00","2023-09-05 14:00:00"
"U0174",2023-09-08 09:26:32,"2023-09-02 17:30:00","2023-09-07 07:30:00"
"U0239",2023-09-08 09:39:25,"2023-09-01 05:30:00","2023-09-05 01:00:00"
"U0090",2023-09-08 10:11:14,"2023-09-03 14:30:00","2023-09-06 20:30:00"
"U0003",2023-09-08 10:23:48,"2023-09-01 04:30:00","2023-09-02 01:00:00"
"U0120",2023-09-08 10:27:54,"2023-09-02 11:00:00","2023-09-05 01:30:00"
"U0216",2023-09-08 10:48:09,"2023-09-01 19:00:00","2023-09-02 03:30:00"
"U0035",2023-09-08 10:54:43,"2023-09-02 06:00:00","2023-09-06 19:00:00"
"U0057",2023-09-08 11:07:04,"2023-09-03 18:00:00","2023-09-04 11:00:00"
"U0211",2023-09-08 11:26:29,"2023-09-05 02:30:00","2023-09-06 14:30:00"
"U0012",2023-09-08 11:50:01,"2023-09-04 05:30:00","2023-09-06 11:00:00"
"U0085",2023-09-08 11:50:58,"2023-09-03 05:00:00","2023-09-04 20:30:00"
"U0109",2023-09-08 12:10:50,"2023-09-04 03:30:00","2023-09-04 07:30:00"
"U0124",2023-09-08 12:22:15,"2023-09-05 06:30:00","2023-09-06 09:30:00"
"U0219",2023-09-08 12:23:15,"2023-09-03 20:00:00","2023-09-06 08:00:00"
"U0011",2023-09-08 12:40:53,"2023-09-04 10:30:00","2023-09-05 12:00:00"
"U0182",2023-09-08 12:54:27,"2023-09-01 12:00:00","2023-09-06 19:30:00"
"U0022",2023-09-08 13:03:37,"2023-09-01 07:30:00","2023-09-02 04:00:00"
"U0225",2023-09-08 13:14:26,"2023-09-03 16:00:00","2023-09-04 10:00:00"
"U0274",2023-09-08 13:20:19,"2023-09-01 07:00:00","2023-09-02 10:00:00"
"U0025",2023-09-08 13:26:28,"2023-09-02 20:00:00","2023-09-04 13:30:00"
"U0081",2023-09-08 13:38:23,"2023-09-01 18:00:00","2023-09-03 07:00:00"
"U0111",2023-09-08 14:08:47,"2023-09-06 11:00:00","2023-09-07 03:30:00"
"U0035",2023-09-08 14:10:48,"2023-09-02 09:00:00","2023-09-02 20:00:00"
"U0136",2023-09-08 14:31:42,"2023-09-01 04:00:00","2023-09-06 06:30:00"
"U0086",2023-09-08 14:43:56,"2023-09-01 10:00:00","2023-09-01 12:30:00"
"U0252",2023-09-08 15:05:41,"2023-09-01 12:30:00","2023-09-06 10:00:00"
"U0247",2023-09-08 15:05:45,"2023-09-01 21:30:00","2023-09-03 09:00:00"
"U0284",2023-09-08 15:08:07,"2023-09-01 22:00:00","2023-09-04 09:30:00"
"U0173",2023-09-08 15:15:38,"2023-09-01 14:30:00","2023-09-02 14:00:00"
"U0027",2023-09-08 15:42:28,"2023-09-01 20:00:00","2023-09-03 20:30:00"
"U0009",2023-09-08 15:44:05,"2023-09-02 04:30:00","2023-09-06 01:00:00"
"U0077",2023-09-08 15:49:04,"2023-09-05 11:00:00","2023-09-05 18:00:00"
"U0087",2023-09-08 15:51:46,"2023-09-01 08:00:00","2023-09-01 14:00:00"
"U0033",2023-09-08 16:01:13,"2023-09-01 18:30:00","2023-09-07 11:30:00"
"U0300",2023-09-08 16:14:31,"2023-09-02 12:30:00","2023-09-06 23:30:00"
"U0235",2023-09-08 16:22:50,"2023-09-02 21:30:00","2023-09-04 03:30:00"
"U0097",2023-09-08 16:23:57,"2023-09-02 05:00:00","2023-09-04 20:00:00"
"U0244",2023-09-08 16:24:31,"2023-09-03 11:00:00","2023-09-05 05:30:00"
"U0202",2023-09-08 16:49:08,"2023-09-04 04:30:00","2023-09-04 16:00:00"
"U0054",2023-09-08 17:04:06,"2023-09-03 22:00:00","2023-09-07 03:00:00"
"U0257",2023-09-08 17:09:33,"2023-09-01 13:30:00","2023-09-02 17:30:00"
"U0066",2023-09-08 17:26:16,"2023-09-03","2023-09-03 16:00:00"
"U0141",2023-09-08 17:31:44,"2023-09-03 09:00:00","2023-09-04 02:00:00"
"U0271",2023-09-08 17:32:35,"2023-09-01 03:00:00","2023-09-04 20:30:00"
"U0175",2023-09-08 18:32:52,"2023-09-03 11:30:00","2023-09-07 02:00:00"
"U0103",2023-09-08 18:53:20,"2023-09-02 23:00:00","2023-09-03 12:00:00"
"U0052",2023-09-08 19:20:28,"2023-09-02 01:30:00","2023-09-03 13:00:00"
"U0084",2023-09-08 19:33:02,"2023-09-01 20:00:00","2023-09-06 03:00:00"
"U0068",2023-09-08 19:37:43,"2023-09-01 09:00:00","2023-09-01 14:00:00"
"U0076",2023-09-08 19:46:22,"2023-09-01 01:30:00","2023-09-01 03:30:00"
"U0049",2023-09-08 20:08:46,"2023-09-02 02:30:00","2023-09-07 05:00:00"
"U0071",2023-09-08 20:41:33,"2023-09-01 03:30:00","2023-09-03 05:30:00"
"U0055",2023-09-08 21:17:28,"2023-09-02 10:30:00","2023-09-02 17:30:00"
"U0174",2023-09-08 21:37:43,"2023-09-01 23:30:00","2023-09-02 06:00:00"
"U0152",2023-09-08 21:53:34,"2023-09-01 19:00:00","2023-09-02 22:30:00"
"U0047",2023-09-08 22:00:42,"2023-09-01 11:30:00","2023-09-04 13:30:00"
"U0111",2023-09-08 22:09:43,"2023-09-04 03:30:00","2023-09-06 07:00:00"
"U0120",2023-09-08 22:21:32,"2023-09-01 01:30:00","2023-09-02 05:00:00"
"U0018",2023-09-08 22:24:01,"2023-09-01 19:30:00","2023-09-02 05:00:00"
"U0084",2023-09-08 22:25:48,"2023-09-02 15:00:00","2023-09-04 20:30:00"
"U0201",2023-09-08 22:34:21,"2023-09-01 04:30:00","2023-09-05 05:00:00"
"U0021",2023-09-08 22:44:53,"2023-09-02 18:30:00","2023-09-02 19:30:00"
"U0153",2023-09-08 22:52:44,"2023-09-01 04:00:00","2023-09-03 05:30:00"
"U0215",2023-09-08 22:57:56,"2023-09-01 01:30:00","2023-09-01 04:30:00"
"U0167",2023-09-08 23:18:59,"2023-09-03 20:00:00","2023-09-04 16:00:00"
"U0108",2023-09-08 23:37:13,"2023-09-03 21:00:00","2023-09-03 22:00:00"
"U0059",2023-09-09 00:19:43,"2023-09-02 18:30:00","2023-09-04 05:00:00"
"U0125",2023-09-09 00:40:33,"2023-09-01 03:00:00","2023-09-01 04:30:00"
"U0272",2023-09-09 00:44:03,"2023-09-03 03:00:00","2023-09-05 11:00:00"
"U0044",2023-09-09 01:05:52,"2023-09-01 12:00:00","2023-09-03 15:00:00"
"U0156",2023-09-09 01:24:26,"2023-09-02 03:00:00","2023-09-02 14:00:00"
"U0012",2023-09-09 01:30:02,"2023-09-01 10:30:00","2023-09-03 09:00:00"
"U0222",2023-09-09 01:37:54,"2023-09-01 05:30:00","2023-09-04 23:00:00"
"U0244",2023-09-09 01:43:09,"2023-09-02 13:30:00","2023-09-07 10:30:00"
"U0252",2023-09-09 02:02:11,"2023-09-02 03:30:00","2023-09-02 17:30:00"
"U0019",2023-09-09 02:09:10,"2023-09-04 13:00:00","2023-09-06 18:30:00"
"U0291",2023-09-09 02:41:25,"2023-09-02 18:00:00","2023-09-03 15:30:00"
"U0201",2023-09-09 03:24:46,"2023-09-02 16:30:00","2023-09-04 08:30:00"
"U0181",2023-09-09 03:50:46,"2023-09-03 10:30:00","2023-09-04 05:30:00"
"U0119",2023-09-09 03:53:56,"2023-09-03 11:00:00","2023-09-04 18:30:00"
"U0207",2023-09-09 03:54:45,"2023-09-04 18:00:00","2023-09-05 21:30:00"
"U0103",2023-09-09 03:59:33,"2023-09-03 05:00:00","2023-09-06 03:30:00"
"U0132",2023-09-09 04:01:40,"2023-09-01 02:00:00","2023-09-02 02:00:00"
"U0070",2023-09-09 04:22:10,"2023-09-01 20:30:00","2023-09-03 00:30:00"
"U0135",2023-09-09 04:23:41,"2023-09-01 02:00:00","2023-09-01 07:00:00"
"U0108",2023-09-09 04:24:28,"2023-09-02 08:30:00","2023-09-05 03:30:00"
"U0029",2023-09-09 04:37:43,"2023-09-03 09:00:00","2023-09-07 14:30:00"
"U0120",2023-09-09 04:46:56,"2023-09-01 12:00:00","2023-09-02 16:00:00"
"U0286",2023-09-09 05:17:35,"2023-09-01 12:00:00","2023-09-04 17:30:00"
"U0085",2023-09-09 05:25:00,"2023-09-02 12:30:00","2023-09-03 14:00:00"
"U0192",2023-09-09 05:57:24,"2023-09-06 01:00:00","2023-09-06 04:00:00"
"U0045",2023-09-09 06:15:40,"2023-09-01 07:30:00","2023-09-02 08:30:00"
"U0062",2023-09-09 06:54:04,"2023-09-02 08:00:00","2023-09-02 20:00:00"
"U0095",2023-09-09 06:59:03,"2023-09-01 06:30:00","2023-09-01 07:30:00"
"U0290",2023-09-09 07:08:44,"2023-09-02 07:30:00","2023-09-02 18:00:00"
"U0154",2023-09-09 07:17:38,"2023-09-01 02:00:00","2023-09-03 06:00:00"
"U0233",2023-09-09 07:23:30,"2023-09-01 08:00:00","2023-09-01 20:30:00"
"U0025",2023-09-09 07:43:07,"2023-09-01 04:30:00","2023-09-01 05:30:00"
"U0291",2023-09-09 07:45:23,"2023-09-01 01:00:00","2023-09-02 03:30:00"
"U0228",2023-09-09 08:26:58,"2023-09-01 05:00:00","2023-09-01 08:00:00"
"U0224",2023-09-09 08:29:12,"2023-09-04 23:00:00","2023-09-07 07:30:00"
"U0234",2023-09-09 08:32:44,"2023-09-04 07:00:00","2023-09-04 20:00:00"
"U0166",2023-09-09 09:10:06,"2023-09-02","2023-09-03 19:30:00"
"U0191",2023-09-09 10:04:14,"2023-09-01 11:00:00","2023-09-01 15:30:00"
"U0238",2023-09-09 10:10:35,"2023-09-01 07:30:00","2023-09-02 17:30:00"
"U0125",2023-09-09 10:28:51,"2023-09-04 09:00:00","2023-09-07 06:30:00"
"U0046",2023-09-09 10:31:39,"2023-09-05 09:00:00","2023-09-07 12:30:00"
"U0101",2023-09-09 10:48:30,"2023-09-04 10:30:00","2023-09-07 02:00:00"
"U0043",2023-09-09 10:59:21,"2023-09-04 05:30:00","2023-09-05 11:00:00"
"U0294",2023-09-09 11:12:53,"2023-09-03 14:00:00","2023-09-03 19:00:00"
"U0043",2023-09-09 11:21:15,"2023-09-05 10:00:00","2023-09-06 14:00:00"
"U0183",2023-09-09 11:48:43,"2023-09-01 20:00:00","2023-09-01 21:30:00"
"U0048",2023-09-09 11:56:44,"2023-09-04 03:00:00","2023-09-05 18:00:00"
"U0025",2023-09-09 12:56:04,"2023-09-01 02:30:00","2023-09-05 19:30:00"
"U0007",2023-09-09 13:02:17,"2023-09-01 04:00:00","2023-09-01 09:00:00"
"U0217",2023-09-09 13:28:57,"2023-09-01 03:00:00","2023-09-02 08:00:00"
"U0282",2023-09-09 13:34:16,"2023-09-04 12:00:00","2023-09-07 22:30:00"
"U0234",2023-09-09 13:49:03,"2023-09-03 06:00:00","2023-09-05 05:30:00"
"U0103",2023-09-09 13:54:11,"2023-09-03 03:30:00","2023-09-04 16:00:00"
"U0105",2023-09-09 14:09:33,"2023-09-02 04:30:00","2023-09-02 15:30:00"
"U0294",2023-09-09 14:18:21,"2023-09-01 02:00:00","2023-09-01 22:00:00"
"U0248",2023-09-09 14:26:23,"2023-09-02 13:00:00","2023-09-04 06:30:00"
"U0208",2023-09-09 14:37:02,"2023-09-05 11:30:00","2023-09-06 15:30:00"
"U0252",2023-09-09 15:04:10,"2023-09-03 20:00:00","2023-09-05 18:30:00"
"U0081",2023-09-09 15:20:54,"2023-09-01 09:00:00","2023-09-01 19:00:00"
"U0162",2023-09-09 15:22:10,"2023-09-01 19:00:00","2023-09-02 04:00:00"
"U0140",2023-09-09 15:25:28,"2023-09-02 15:30:00","2023-09-04 18:30:00"
"U0047",2023-09-09 15:35:00,"2023-09-01 06:00:00","2023-09-01 19:00:00"
"U0150",2023-09-09 16:03:10,"2023-09-05 18:30:00","2023-09-05 23:00:00"
"U0152",2023-09-09 16:04:34,"2023-09-02 02:00:00","2023-09-04 13:00:00"
"U0057",2023-09-09 16:13:40,"2023-09-04 12:30:00","2023-09-07 14:00:00"
"U0201",2023-09-09 16:28:02,"2023-09-04 03:00:00","2023-09-04 04:30:00"
"U0162",2023-09-09 17:07:40,"2023-09-06 08:30:00","2023-09-07 03:30:00"
"U0082",2023-09-09 17:13:22,"2023-09-04 10:00:00","2023-09-06 13:30:00"
"U0050",2023-09-09 17:24:42,"2023-09-03 07:30:00","2023-09-05 23:30:00"
"U0216",2023-09-09 17:25:42,"2023-09-01 14:00:00","2023-09-01 14:30:00"
"U0029",2023-09-09 17:52:12,"2023-09-03 20:00:00","2023-09-05 21:30:00"
"U0078",2023-09-09 18:11:10,"2023-09-01 23:30:00","2023-09-02 09:30:00"
"U0275",2023-09-09 18:15:37,"2023-09-03 04:00:00","2023-09-07 16:30:00"
"U0125",2023-09-09 18:58:07,"2023-09-01 20:30:00","2023-09-04 12:00:00"
"U0167",2023-09-09 18:58:23,"2023-09-02 20:00:00","2023-09-06 05:30:00"
"U0161",2023-09-09 19:01:01,"2023-09-02 01:00:00","2023-09-03 06:00:00"
"U0274",2023-09-09 19:02:41,"2023-09-01 10:00:00","2023-09-03 13:00:00"
"U0188",2023-09-09 19:04:54,"2023-09-01 06:00:00","2023-09-02 04:30:00"
"U0013",2023-09-09 19:09:07,"2023-09-02 15:30:00","2023-09-03 07:30:00"
"U0276",2023-09-09 19:20:18,"2023-09-06 07:30:00","2023-09-07 10:30:00"
"U0264",2023-09-09 19:23:52,"2023-09-03 23:00:00","2023-09-06 15:30:00"
"U0223",2023-09-09 22:19:49,"2023-09-01 08:00:00","2023-09-04 05:00:00"
"U0141",2023-09-09 22:40:08,"2023-09-04 05:00:00","2023-09-04 20:00:00"
"U0034",2023-09-09 22:47:31,"2023-09-01 09:00:00","2023-09-06 04:30:00"
"U0001",2023-09-09 22:53:57,"2023-09-01 16:00:00","2023-09-01 22:00:00"
"U0245",2023-09-09 23:12:33,"2023-09-01 23:30:00","2023-09-02 00:30:00"
"U0280",2023-09-09 23:16:52,"2023-09-01 03:00:00","2023-09-03 06:30:00"
"U0174",2023-09-09 23:21:19,"2023-09-02 01:30:00","2023-09-05 08:30:00"
"U0266",2023-09-09 23:31:42,"2023-09-02 01:30:00","2023-09-05 09:30:00"
"U0137",2023-09-09 23:35:15,"2023-09-01 12:30:00","2023-09-06 17:00:00"
"U0086",2023-09-09 23:44:47,"2023-09-01 02:30:00","2023-09-01 03:30:00"
"U0037",2023-09-10 00:08:12,"2023-09-05 14:00:00","2023-09-06 14:00:00"
"U0087",2023-09-10 00:43:00,"2023-09-02 13:30:00","2023-09-04 13:00:00"
"U0177",2023-09-10 00:50:10,"2023-09-01 21:30:00","2023-09-04 04:00:00"
"U0026",2023-09-10 01:01:39,"2023-09-03 01:00:00","2023-09-04 09:30:00"
"U0284",2023-09-10 01:03:07,"2023-09-02 02:00:00","2023-09-02 22:00:00"
"U0068",2023-09-10 01:03:18,"2023-09-04 12:30:00","2023-09-06 20:00:00"
"U0167",2023-09-10 01:41:21,"2023-09-01 08:00:00","2023-09-01 13:00:00"
"U0246",2023-09-10 02:04:16,"2023-09-01 03:00:00","2023-09-02 01:00:00"
"U0014",2023-09-10 03:06:05,"2023-09-02 22:00:00","2023-09-04 21:00:00"
"U0129",2023-09-10 03:16:04,"2023-09-02 21:00:00","2023-09-05 12:30:00"
"U0293",2023-09-10 03:31:11,"2023-09-03 13:30:00","2023-09-04 04:30:00"
"U0149",2023-09-10 04:45:18,"2023-09-01 06:30:00","2023-09-03 15:30:00"
"U0188",2023-09-10 05:13:51,"2023-09-03 11:00:00","2023-09-05 12:00:00"
"U0210",2023-09-10 05:14:50,"2023-09-01 02:00:00","2023-09-03 00:30:00"
"U0203",2023-09-10 05:29:55,"2023-09-03 22:30:00","2023-09-05 17:30:00"
"U0215",2023-09-10 05:38:03,"2023-09-02 12:00:00","2023-09-02 23:00:00"
"U0113",2023-09-10 05:47:44,"2023-09-03 01:30:00","2023-09-05 09:30:00"
"U0240",2023-09-10 05:53:32,"2023-09-06 09:30:00","2023-09-06 13:00:00"
"U0064",2023-09-10 06:27:02,"2023-09-06 01:30:00","2023-09-07 18:30:00"
"U0044",2023-09-10 06:33:49,"2023-09-02 10:30:00","2023-09-04 23:30:00"
"U0173",2023-09-10 07:00:10,"2023-09-02 01:00:00","2023-09-02 15:30:00"
"U0267",2023-09-10 07:02:57,"2023-09-06 14:30:00","2023-09-06 21:30:00"
"U0163",2023-09-10 07:06:37,"2023-09-02 13:30:00","2023-09-05 17:00:00"
"U0073",2023-09-10 07:14:28,"2023-09-03 07:00:00","2023-09-06 22:30:00"
"U0263",2023-09-10 07:57:22,"2023-09-01 05:30:00","2023-09-01 10:00:00"
"U0025",2023-09-10 08:30:52,"2023-09-02 07:00:00","2023-09-07 02:30:00"
"U0057",2023-09-10 08:38:01,"2023-09-01 23:30:00","2023-09-06 17:00:00"
"U0118",2023-09-10 08:38:59,"2023-09-02 17:00:00","2023-09-03 22:30:00"
"U0264",2023-09-10 10:23:40,"2023-09-04 07:30:00","2023-09-06 14:00:00"
"U0181",2023-09-10 10:32:18,"2023-09-02 05:00:00","2023-09-03 18:00:00"
"U0166",2023-09-10 10:38:19,"2023-09-03 12:00:00","2023-09-05 11:30:00"
"U0056",2023-09-10 10:41:36,"2023-09-01 10:00:00","2023-09-01 13:30:00"
"U0175",2023-09-10 10:46:55,"2023-09-04 14:00:00","2023-09-04 17:00:00"
"U0170",2023-09-10 10:49:06,"2023-09-01 20:00:00","2023-09-04 15:30:00"
"U0103",2023-09-10 11:00:38,"2023-09-01 07:00:00","2023-09-05 18:00:00"
"U0075",2023-09-10 11:17:36,"2023-09-01 04:30:00","2023-09-01 06:30:00"
"U0022",2023-09-10 11:20:36,"2023-09-01 02:30:00","2023-09-01 04:30:00"
"U0108",2023-09-10 11:31:32,"2023-09-03 11:00:00","2023-09-04 06:30:00"
"U0113",2023-09-10 11:38:04,"2023-09-01 04:00:00","2023-09-01 14:00:00"
"U0221",2023-09-10 11:49:03,"2023-09-01 03:00:00","2023-09-07 04:30:00"
"U0015",2023-09-10 12:01:44,"2023-09-03 06:30:00","2023-09-03 17:00:00"
"U0124",2023-09-10 12:02:37,"2023-09-02 04:30:00","2023-09-03 16:30:00"
"U0182",2023-09-10 12:07:41,"2023-09-01 20:30:00","2023-09-06 08:30:00"
"U0159",2023-09-10 12:27:58,"2023-09-02 11:30:00","2023-09-07 02:30:00"
"U0132",2023-09-10 12:41:24,"2023-09-04 22:00:00","2023-09-07 10:00:00"
"U0202",2023-09-10 13:01:02,"2023-09-01 07:00:00","2023-09-01 09:30:00"
"U0094",2023-09-10 13:09:15,"2023-09-03 12:00:00","2023-09-06 23:00:00"
"U0169",2023-09-10 13:09:20,"2023-09-01 06:30:00","2023-09-07 00:30:00"
"U0175",2023-09-10 13:10:51,"2023-09-01 05:00:00","2023-09-01 08:00:00"
"U0139",2023-09-10 13:19:09,"2023-09-03 15:30:00","2023-09-07 06:30:00"
"U0099",2023-09-10 13:31:50,"2023-09-01 18:30:00","2023-09-05 02:00:00"
"U0270",2023-09-10 13:42:45,"2023-09-02 20:00:00","2023-09-04 19:00:00"
"U0138",2023-09-10 13:57:06,"2023-09-03 00:30:00","2023-09-05 03:30:00"
"U0002",2023-09-10 14:10:12,"2023-09-01 03:30:00","2023-09-03 18:00:00"
"U0031",2023-09-10 14:24:39,"2023-09-01 16:30:00","2023-09-04 10:00:00"
"U0146",2023-09-10 14:41:15,"2023-09-01 03:30:00","2023-09-01 22:30:00"
"U0180",2023-09-10 15:24:47,"2023-09-05 21:00:00","2023-09-07 01:30:00"
"U0135",2023-09-10 15:49:29,"2023-09-02 02:00:00","2023-09-06 01:30:00"
"U0259",2023-09-10 15:50:33,"2023-09-02 14:00:00","2023-09-03 03:00:00"
"U0040",2023-09-10 15:59:13,"2023-09-03 16:30:00","2023-09-07 14:30:00"
"U0065",2023-09-10 16:15:13,"2023-09-01 05:00:00","2023-09-02 14:00:00"
"U0076",2023-09-10 16:17:27,"2023-09-02 20:00:00","2023-09-06 11:30:00"
"U0220",2023-09-10 16:29:40,"2023-09-02 21:00:00","2023-09-04 18:30:00"
"U0289",2023-09-10 16:46:33,"2023-09-02 07:30:00","2023-09-02 14:30:00"
"U0020",2023-09-10 16:50:24,"2023-09-01 18:00:00","2023-09-04 18:00:00"
"U0091",2023-09-10 17:03:12,"2023-09-02 22:00:00","2023-09-05 08:00:00"
"U0030",2023-09-10 17:06:37,"2023-09-04 23:30:00","2023-09-05 09:00:00"
"U0298",2023-09-10 17:18:13,"2023-09-01 21:00:00","2023-09-02 07:30:00"
"U0284",2023-09-10 17:20:13,"2023-09-01 03:00:00","2023-09-01 23:30:00"
"U0040",2023-09-10 17:36:04,"2023-09-01 11:30:00","2023-09-02 13:00:00"
"U0081",2023-09-10 17:42:34,"2023-09-03 05:00:00","2023-09-03 18:00:00"
"U0262",2023-09-10 17:43:13,"2023-09-01 02:00:00","2023-09-03 20:00:00"
"U0175",2023-09-10 18:05:37,"2023-09-04 10:30:00","2023-09-07 10:30:00"
"U0131",2023-09-10 18:17:12,"2023-09-01 01:00:00","2023-09-06 14:30:00"
"U0045",2023-09-10 19:05:30,"2023-09-02 17:00:00","2023-09-04 21:30:00"
"U0091",2023-09-10 19:05:52,"2023-09-01 04:00:00","2023-09-01 13:30:00"
"U0227",2023-09-10 19:36:53,"2023-09-01 03:00:00","2023-09-01 18:00:00"
"U0022",2023-09-10 19:40:07,"2023-09-02 06:30:00","2023-09-02 14:00:00"
"U0016",2023-09-10 19:59:52,"2023-09-01 02:30:00","2023-09-01 04:00:00"
"U0261",2023-09-10 20:24:31,"2023-09-01 08:00:00","2023-09-02 04:30:00"
"U0069",2023-09-10 20:32:55,"2023-09-03 15:30:00","2023-09-05 22:00:00"
"U0247",2023-09-10 20:33:03,"2023-09-01 06:00:00","2023-09-01 06:30:00"
"U0135",2023-09-10 21:01:12,"2023-09-03 05:30:00","2023-09-04 01:30:00"
"U0215",2023-09-10 21:46:43,"2023-09-02 13:00:00","2023-09-02 19:00:00"
"U0110",2023-09-10 21:50:53,"2023-09-06 04:30:00","2023-09-07 10:00:00"
"U0213",2023-09-10 21:54:37,"2023-09-02 07:30:00","2023-09-06 04:00:00"
"U0056",2023-09-10 22:39:24,"2023-09-04","2023-09-04 09:30:00"
"U0275",2023-09-10 23:27:26,"2023-09-01 16:30:00","2023-09-04 18:30:00"
"U0195",2023-09-10 23:27:45,"2023-09-01 18:30:00","2023-09-03 11:30:00"
"U0278",2023-09-10 23:48:41,"2023-09-01 01:30:00","2023-09-01 04:00:00"
"U0080",2023-09-11 00:00:06,"2023-09-03 05:00:00","2023-09-06 14:00:00"
"U0254",2023-09-11 00:09:26,"2023-09-04 17:30:00","2023-09-07 15:30:00"
"U0163",2023-09-11 00:26:35,"2023-09-01 22:30:00","2023-09-01 23:30:00"
"U0153",2023-09-11 00:29:09,"2023-09-01 01:30:00","2023-09-03 21:30:00"
"U0250",2023-09-11 00:29:17,"2023-09-01 09:30:00","2023-09-05 19:30:00"
"U0287",2023-09-11 00:31:22,"2023-09-07 19:00:00","2023-09-07 20:00:00"
"U0032",2023-09-11 01:25:46,"2023-09-04 15:00:00","2023-09-05 18:00:00"
"U0250",2023-09-11 01:27:59,"2023-09-01 20:30:00","2023-09-02 11:00:00"
"U0201",2023-09-11 01:46:50,"2023-09-04 16:00:00","2023-09-07 05:00:00"
"U0206",2023-09-11 03:02:14,"2023-09-03 17:30:00","2023-09-05 16:30:00"
"U0084",2023-09-11 03:23:43,"2023-09-02 06:00:00","2023-09-04 15:30:00"
"U0165",2023-09-11 03:30:14,"2023-09-02 16:00:00","2023-09-07 04:00:00"
"U0086",2023-09-11 03:49:56,"2023-09-07 02:00:00","2023-09-07 07:00:00"
"U0075",2023-09-11 03:52:38,"2023-09-04 04:00:00","2023-09-07 06:30:00"
"U0282",2023-09-11 04:16:28,"2023-09-02 18:30:00","2023-09-03 14:30:00"
"U0172",2023-09-11 04:37:06,"2023-09-02 00:30:00","2023-09-03 08:00:00"
"U0012",2023-09-11 04:50:07,"2023-09-03 06:30:00","2023-09-05 02:00:00"
"U0018",2023-09-11 05:06:54,"2023-09-02 02:00:00","2023-09-04 07:00:00"
"U0053",2023-09-11 05:10:41,"2023-09-05 23:30:00","2023-09-06 16:00:00"
"U0188",2023-09-11 05:14:14,"2023-09-03 21:30:00","2023-09-05 08:00:00"
"U0055",2023-09-11 05:40:55,"2023-09-02 07:30:00","2023-09-04 03:30:00"
"U0109",2023-09-11 06:26:02,"2023-09-01 03:00:00","2023-09-01 03:30:00"
"U0262",2023-09-11 06:33:56,"2023-09-01 05:00:00","2023-09-04 05:30:00"
"U0201",2023-09-11 06:47:44,"2023-09-04","2023-09-07 06:00:00"
"U0145",2023-09-11 06:48:02,"2023-09-01 14:30:00","2023-09-02 22:00:00"
"U0194",2023-09-11 06:58:57,"2023-09-03 11:00:00","2023-09-06 06:00:00"
"U0052",2023-09-11 06:59:41,"2023-09-03 03:00:00","2023-09-07 23:30:00"
"U0107",2023-09-11 07:19:30,"2023-09-04 18:30:00","2023-09-05 21:00:00"
"U0184",2023-09-11 07:19:34,"2023-09-02 07:00:00","2023-09-04 09:30:00"
"U0106",2023-09-11 07:22:46,"2023-09-04 06:00:00","2023-09-07 11:30:00"
"U0125",2023-09-11 07:30:59,"2023-09-03 10:00:00","2023-09-05 13:00:00"
"U0294",2023-09-11 08:14:51,"2023-09-04 00:30:00","2023-09-06 16:30:00"
"U0168",2023-09-11 09:02:19,"2023-09-03 13:00:00","2023-09-05 23:30:00"
"U0210",2023-09-11 09:23:31,"2023-09-01 01:30:00","2023-09-01 03:30:00"
"U0195",2023-09-11 09:24:46,"2023-09-01 20:00:00","2023-09-05 01:30:00"
"U0291",2023-09-11 09:41:56,"2023-09-02","2023-09-02 13:00:00"
"U0026",2023-09-11 10:20:45,"2023-09-04 07:30:00","2023-09-04 18:00:00"
"U0037",2023-09-11 10:27:53,"2023-09-07 00:30:00","2023-09-07 09:00:00"
"U0236",2023-09-11 10:37:12,"2023-09-01 22:30:00","2023-09-02 21:00:00"
"U0211",2023-09-11 10:39:42,"2023-09-04 07:00:00","2023-09-07 01:30:00"
"U0108",2023-09-11 11:10:43,"2023-09-01 06:30:00","2023-09-02 02:30:00"
"U0278",2023-09-11 11:22:57,"2023-09-01 02:30:00","2023-09-05 10:00:00"
"U0055",2023-09-11 11:53:38,"2023-09-01 06:30:00","2023-09-02 22:00:00"
"U0082",2023-09-11 11:54:23,"2023-09-05 18:30:00","2023-09-06 19:00:00"
"U0249",2023-09-11 11:59:47,"2023-09-02 10:00:00","2023-09-02 21:00:00"
"U0110",2023-09-11 12:24:29,"2023-09-01 23:00:00","2023-09-02 10:30:00"
"U0217",2023-09-11 13:09:59,"2023-09-04 07:30:00","2023-09-05 22:00:00"
"U0041",2023-09-11 13:13:18,"2023-09-02 12:00:00","2023-09-03 17:00:00"
"U0185",2023-09-11 13:13:47,"2023-09-01 12:30:00","2023-09-02 16:30:00"
"U0109",2023-09-11 13:33:53,"2023-09-04 04:00:00","2023-09-04 16:30:00"
"U0172",2023-09-11 14:00:36,"2023-09-02 12:00:00","2023-09-03 17:30:00"
"U0249",2023-09-11 14:13:21,"2023-09-02","2023-09-02 20:30:00"
"U0186",2023-09-11 14:38:33,"2023-09-01 11:00:00","2023-09-02 09:30:00"
"U0112",2023-09-11 14:45:43,"2023-09-06 19:00:00","2023-09-07 01:00:00"
"U0042",2023-09-11 14:48:29,"2023-09-02 09:00:00","2023-09-05 12:30:00"
"U0211",2023-09-11 15:01:21,"2023-09-03 00:30:00","2023-09-05 11:00:00"
"U0215",2023-09-11 15:12:00,"2023-09-01 01:30:00","2023-09-06 05:30:00"
"U0054",2023-09-11 15:20:19,"2023-09-02 06:00:00","2023-09-03 10:30:00"
"U0163",2023-09-11 15:21:18,"2023-09-07 04:30:00","2023-09-07 22:00:00"
"U0011",2023-09-11 15:21:52,"2023-09-01 06:00:00","2023-09-01 07:30:00"
"U0070",2023-09-11 15:25:16,"2023-09-03 21:00:00","2023-09-06 10:30:00"
"U0231",2023-09-11 15:40:33,"2023-09-01 05:00:00","2023-09-01 19:30:00"
"U0098",2023-09-11 15:52:28,"2023-09-01 07:30:00","2023-09-01 11:00:00"
"U0276",2023-09-11 16:02:58,"2023-09-01 23:00:00","2023-09-03 23:00:00"
"U0298",2023-09-11 16:03:36,"2023-09-01 02:30:00","2023-09-01 16:00:00"
"U0087",2023-09-11 16:04:50,"2023-09-04 03:30:00","2023-09-04 11:00:00"
"U0224",2023-09-11 16:11:38,"2023-09-01 01:30:00","2023-09-01 16:30:00"
"U0037",2023-09-11 16:26:17,"2023-09-04 03:30:00","2023-09-04 09:00:00"
"U0057",2023-09-11 16:35:34,"2023-09-02 07:30:00","2023-09-03 07:30:00"
"U0176",2023-09-11 16:50:08,"2023-09-01 04:30:00","2023-09-02 06:30:00"
"U0197",2023-09-11 16:50:59,"2023-09-01 04:30:00","2023-09-01 07:00:00"
"U0284",2023-09-11 17:02:11,"2023-09-02 13:00:00","2023-09-02 19:00:00"
"U0060",2023-09-11 17:04:12,"2023-09-03 15:30:00","2023-09-05 18:00:00"
"U0132",2023-09-11 17:14:57,"2023-09-04 05:30:00","2023-09-04 09:30:00"
"U0170",2023-09-11 17:31:19,"2023-09-05 12:30:00","2023-09-07 23:00:00"
"U0065",2023-09-11 17:52:06,"2023-09-01 16:00:00","2023-09-02 05:00:00"
"U0258",2023-09-11 17:56:42,"2023-09-04 04:00:00","2023-09-06 16:00:00"
"U0016",2023-09-11 18:04:01,"2023-09-01 14:30:00","2023-09-03 07:00:00"
"U0021",2023-09-11 18:04:20,"2023-09-02 13:00:00","2023-09-03 17:30:00"
"U0289",2023-09-11 18:15:03,"2023-09-03 22:00:00","2023-09-04 21:30:00"
"U0137",2023-09-11 18:28:43,"2023-09-03 21:00:00","2023-09-04 06:00:00"
"U0279",2023-09-11 18:29:17,"2023-09-06 15:30:00","2023-09-07 13:00:00"
"U0139",2023-09-11 18:47:22,"2023-09-01 08:00:00","2023-09-02 03:00:00"
"U0198",2023-09-11 19:04:48,"2023-09-01 01:00:00","2023-09-01 04:00:00"
"U0217",2023-09-11 19:07:40,"2023-09-01 21:00:00","2023-09-02 13:30:00"
"U0269",2023-09-11 19:15:55,"2023-09-03 02:00:00","2023-09-05 22:30:00"
"U0194",2023-09-11 19:23:55,"2023-09-01 01:00:00","2023-09-01 03:30:00"
"U0032",2023-09-11 19:51:02,"2023-09-01 16:30:00","2023-09-02 22:00:00"
"U0088",2023-09-11 19:59:48,"2023-09-04 22:30:00","2023-09-06 17:30:00"
"U0165",2023-09-11 20:09:21,"2023-09-04 17:30:00","2023-09-05 07:30:00"
"U0158",2023-09-11 20:34:37,"2023-09-05 09:00:00","2023-09-06 15:30:00"
"U0198",2023-09-11 20:42:12,"2023-09-01 10:30:00","2023-09-07 14:00:00"
"U0006",2023-09-11 20:48:48,"2023-09-03 22:30:00","2023-09-04 10:00:00"
"U0276",2023-09-11 20:49:49,"2023-09-01 09:30:00","2023-09-02 02:00:00"
"U0004",2023-09-11 21:16:07,"2023-09-03 10:30:00","2023-09-04 05:00:00"
"U0060",2023-09-11 21:30:08,"2023-09-05 04:30:00","2023-09-06 12:30:00"
"U0285",2023-09-11 21:55:08,"2023-09-01 22:00:00","2023-09-02 19:00:00"
"U0178",2023-09-11 21:56:32,"2023-09-02 20:30:00","2023-09-02 21:30:00"
"U0156",2023-09-11 22:15:07,"2023-09-02 11:30:00","2023-09-05 02:30:00"
"U0056",2023-09-11 22:20:31,"2023-09-01 17:30:00","2023-09-02 10:30:00"
"U0139",2023-09-11 22:37:48,"2023-09-03 15:30:00","2023-09-03 16:00:00"
"U0160",2023-09-11 22:40:54,"2023-09-01 14:30:00","2023-09-05 11:30:00"
"U0080",2023-09-11 22:42:15,"2023-09-01 12:00:00","2023-09-07 23:00:00"
"U0102",2023-09-11 23:01:32,"2023-09-02 01:00:00","2023-09-02 04:30:00"
"U0060",2023-09-11 23:15:58,"2023-09-01 12:00:00","2023-09-05 15:00:00"
"U0258",2023-09-11 23:31:24,"2023-09-01 03:00:00","2023-09-04 00:30:00"
"U0068",2023-09-11 23:44:37,"2023-09-01 17:30:00","2023-09-02 22:00:00"
"U0092",2023-09-12 00:03:24,"2023-09-01 12:00:00","2023-09-02 21:00:00"
"U0209",2023-09-12 00:16:14,"2023-09-01 16:30:00","2023-09-06 06:00:00"
"U0253",2023-09-12 00:19:02,"2023-09-06 23:30:00","2023-09-07 02:30:00"
"U0190",2023-09-12 00:51:19,"2023-09-01 13:30:00","2023-09-01 18:00:00"
"U0046",2023-09-12 01:02:10,"2023-09-02 19:00:00","2023-09-06 15:30:00"
"U0178",2023-09-12 01:20:55,"2023-09-01 09:00:00","2023-09-01 15:30:00"
"U0113",2023-09-12 01:39:55,"2023-09-02 23:30:00","2023-09-06 13:30:00"
"U0265",2023-09-12 01:41:23,"2023-09-03 16:00:00","2023-09-05 01:00:00"
"U0106",2023-09-12 01:55:33,"2023-09-02 12:00:00","2023-09-03 06:30:00"
"U0266",2023-09-12 02:00:50,"2023-09-04 07:00:00","2023-09-06 15:00:00"
"U0065",2023-09-12 02:24:19,"2023-09-03 21:30:00","2023-09-04 13:00:00"
"U0296",2023-09-12 02:29:46,"2023-09-02 08:00:00","2023-09-02 11:30:00"
"U0193",2023-09-12 02:32:35,"2023-09-05 05:30:00","2023-09-06 15:30:00"
"U0181",2023-09-12 02:34:07,"2023-09-01 18:00:00","2023-09-02 13:00:00"
